Grupamento de Atividades Econômicas e Seção CNAE 2.0,Janeiro/2020 Estoque,Janeiro/2020 Admissões,Janeiro/2020 Desligamentos,Janeiro/2020 Saldos,Fevereiro/2020 Estoque,Fevereiro/2020 Admissões,Fevereiro/2020 Desligamentos,Fevereiro/2020 Saldos,Fevereiro/2020 Variação Relativa (%),Março/2020 Estoque,Março/2020 Admissões,Março/2020 Desligamentos,Março/2020 Saldos,Março/2020 Variação Relativa (%),Abril/2020 Estoque,Abril/2020 Admissões,Abril/2020 Desligamentos,Abril/2020 Saldos,Abril/2020 Variação Relativa (%),Maio/2020 Estoque,Maio/2020 Admissões,Maio/2020 Desligamentos,Maio/2020 Saldos,Maio/2020 Variação Relativa (%),Junho/2020 Estoque,Junho/2020 Admissões,Junho/2020 Desligamentos,Junho/2020 Saldos,Junho/2020 Variação Relativa (%),Julho/2020 Estoque,Julho/2020 Admissões,Julho/2020 Desligamentos,Julho/2020 Saldos,Julho/2020 Variação Relativa (%),Agosto/2020 Estoque,Agosto/2020 Admissões,Agosto/2020 Desligamentos,Agosto/2020 Saldos,Agosto/2020 Variação Relativa (%),Setembro/2020 Estoque,Setembro/2020 Admissões,Setembro/2020 Desligamentos,Setembro/2020 Saldos,Setembro/2020 Variação Relativa (%),Outubro/2020 Estoque,Outubro/2020 Admissões,Outubro/2020 Desligamentos,Outubro/2020 Saldos,Outubro/2020 Variação Relativa (%),Novembro/2020 Estoque,Novembro/2020 Admissões,Novembro/2020 Desligamentos,Novembro/2020 Saldos,Novembro/2020 Variação Relativa (%),Dezembro/2020 Estoque,Dezembro/2020 Admissões,Dezembro/2020 Desligamentos,Dezembro/2020 Saldos,Dezembro/2020 Variação Relativa (%),Janeiro/2021 Estoque,Janeiro/2021 Admissões,Janeiro/2021 Desligamentos,Janeiro/2021 Saldos,Janeiro/2021 Variação Relativa (%),Fevereiro/2021 Estoque,Fevereiro/2021 Admissões,Fevereiro/2021 Desligamentos,Fevereiro/2021 Saldos,Fevereiro/2021 Variação Relativa (%),Março/2021 Estoque,Março/2021 Admissões,Março/2021 Desligamentos,Março/2021 Saldos,Março/2021 Variação Relativa (%),Abril/2021 Estoque,Abril/2021 Admissões,Abril/2021 Desligamentos,Abril/2021 Saldos,Abril/2021 Variação Relativa (%),Maio/2021 Estoque,Maio/2021 Admissões,Maio/2021 Desligamentos,Maio/2021 Saldos,Maio/2021 Variação Relativa (%),Junho/2021 Estoque,Junho/2021 Admissões,Junho/2021 Desligamentos,Junho/2021 Saldos,Junho/2021 Variação Relativa (%),Julho/2021 Estoque,Julho/2021 Admissões,Julho/2021 Desligamentos,Julho/2021 Saldos,Julho/2021 Variação Relativa (%),Agosto/2021 Estoque,Agosto/2021 Admissões,Agosto/2021 Desligamentos,Agosto/2021 Saldos,Agosto/2021 Variação Relativa (%),Setembro/2021 Estoque,Setembro/2021 Admissões,Setembro/2021 Desligamentos,Setembro/2021 Saldos,Setembro/2021 Variação Relativa (%),Outubro/2021 Estoque,Outubro/2021 Admissões,Outubro/2021 Desligamentos,Outubro/2021 Saldos,Outubro/2021 Variação Relativa (%),Novembro/2021 Estoque,Novembro/2021 Admissões,Novembro/2021 Desligamentos,Novembro/2021 Saldos,Novembro/2021 Variação Relativa (%),Dezembro/2021 Estoque,Dezembro/2021 Admissões,Dezembro/2021 Desligamentos,Dezembro/2021 Saldos,Dezembro/2021 Variação Relativa (%),Janeiro/2022 Estoque,Janeiro/2022 Admissões,Janeiro/2022 Desligamentos,Janeiro/2022 Saldos,Janeiro/2022 Variação Relativa (%),Fevereiro/2022 Estoque,Fevereiro/2022 Admissões,Fevereiro/2022 Desligamentos,Fevereiro/2022 Saldos,Fevereiro/2022 Variação Relativa (%),Março/2022 Estoque,Março/2022 Admissões,Março/2022 Desligamentos,Março/2022 Saldos,Março/2022 Variação Relativa (%),Abril/2022 Estoque,Abril/2022 Admissões,Abril/2022 Desligamentos,Abril/2022 Saldos,Abril/2022 Variação Relativa (%),Maio/2022 Estoque,Maio/2022 Admissões,Maio/2022 Desligamentos,Maio/2022 Saldos,Maio/2022 Variação Relativa (%),Junho/2022 Estoque,Junho/2022 Admissões,Junho/2022 Desligamentos,Junho/2022 Saldos,Junho/2022 Variação Relativa (%),Julho/2022 Estoque,Julho/2022 Admissões,Julho/2022 Desligamentos,Julho/2022 Saldos,Julho/2022 Variação Relativa (%),Agosto/2022 Estoque,Agosto/2022 Admissões,Agosto/2022 Desligamentos,Agosto/2022 Saldos,Agosto/2022 Variação Relativa (%),Setembro/2022 Estoque,Setembro/2022 Admissões,Setembro/2022 Desligamentos,Setembro/2022 Saldos,Setembro/2022 Variação Relativa (%),Outubro/2022 Estoque,Outubro/2022 Admissões,Outubro/2022 Desligamentos,Outubro/2022 Saldos,Outubro/2022 Variação Relativa (%),Novembro/2022 Estoque,Novembro/2022 Admissões,Novembro/2022 Desligamentos,Novembro/2022 Saldos,Novembro/2022 Variação Relativa (%),Dezembro/2022 Estoque**** (Estoque de referência de 2023),Dezembro/2022 Admissões,Dezembro/2022 Desligamentos,Dezembro/2022 Saldos,Dezembro/2022 Variação Relativa (%),Janeiro/2023 Estoque,Janeiro/2023 Admissões,Janeiro/2023 Desligamentos,Janeiro/2023 Saldos,Janeiro/2023 Variação Relativa (%),Fevereiro/2023 Estoque,Fevereiro/2023 Admissões,Fevereiro/2023 Desligamentos,Fevereiro/2023 Saldos,Fevereiro/2023 Variação Relativa (%),Março/2023 Estoque,Março/2023 Admissões,Março/2023 Desligamentos,Março/2023 Saldos,Março/2023 Variação Relativa (%),Abril/2023 Estoque,Abril/2023 Admissões,Abril/2023 Desligamentos,Abril/2023 Saldos,Abril/2023 Variação Relativa (%),Maio/2023 Estoque,Maio/2023 Admissões,Maio/2023 Desligamentos,Maio/2023 Saldos,Maio/2023 Variação Relativa (%),Junho/2023 Estoque,Junho/2023 Admissões,Junho/2023 Desligamentos,Junho/2023 Saldos,Junho/2023 Variação Relativa (%),Julho/2023 Estoque,Julho/2023 Admissões,Julho/2023 Desligamentos,Julho/2023 Saldos,Julho/2023 Variação Relativa (%),Agosto/2023 Estoque,Agosto/2023 Admissões,Agosto/2023 Desligamentos,Agosto/2023 Saldos,Agosto/2023 Variação Relativa (%),Setembro/2023 Estoque,Setembro/2023 Admissões,Setembro/2023 Desligamentos,Setembro/2023 Saldos,Setembro/2023 Variação Relativa (%),Outubro/2023 Estoque,Outubro/2023 Admissões,Outubro/2023 Desligamentos,Outubro/2023 Saldos,Outubro/2023 Variação Relativa (%),Novembro/2023 Estoque,Novembro/2023 Admissões,Novembro/2023 Desligamentos,Novembro/2023 Saldos,Novembro/2023 Variação Relativa (%),Dezembro/2023 Estoque,Dezembro/2023 Admissões,Dezembro/2023 Desligamentos,Dezembro/2023 Saldos,Dezembro/2023 Variação Relativa (%),Acumulado do Ano (2023) Admissões,Acumulado do Ano (2023) Desligamentos,Acumulado do Ano (2023) Saldos,Acumulado do Ano (2023) Variação Relativa (%)
Total,37502058,1384986.0,1292308.0,92678.0,37700426,1483832.0,1285464.0,198368.0,0.5289523044308662,37468110,1347665.0,1579981.0,-232316.0,-0.6162158485954509,36565793,617644.0,1519961.0,-902317.0,-2.4082266225865143,36213003,716330.0,1069120.0,-352790.0,-0.9648088310295909,36189892,910176.0,933287.0,-23111.0,-0.06381961750037687,36313189,1061898.0,938601.0,123297.0,0.34069457847511675,36551314,1257362.0,1019237.0,238125.0,0.6557534784400235,36864878,1406746.0,1093182.0,313564.0,0.8578733995719006,37253816,1571402.0,1182464.0,388938.0,1.05503672085935,37662764,1552837.0,1143889.0,408948.0,1.0977345246994294,37580646.0,1256247.0,1338365.0,-82118.0,-0.2180349801198871,37837705,1550075.0,1293016.0,257059.0,0.6840196413866861,38235620,1715425.0,1317510.0,397915.0,1.0516361919942026,38411950,1626885.0,1450555.0,176330.0,0.46116683867032887,38525872,1396311.0,1282389.0,113922.0,0.2965795800525618,38804577,1558316.0,1279611.0,278705.0,0.7234229506862297,39114613,1609748.0,1299712.0,310036.0,0.7989676063212853,39431338,1666051.0,1349326.0,316725.0,0.8097357373828549,39804682,1819411.0,1446067.0,373344.0,0.9468205212818291,40121675,1789967.0,1472974.0,316993.0,0.7963711404603107,40374758,1760739.0,1507656.0,253083.0,0.6307887195636772,40698870,1772766.0,1448654.0,324112.0,0.8027589911498665,40433059,1437910.0,1703721.0,-265811.0,-0.6531164133058239,40588237,1777646.0,1622468.0,155178.0,0.3837899081541171,40916744,2013143.0,1684636.0,328507.0,0.8093650384469766,41052933,1953071.0,1816882.0,136189.0,0.33284417743503736,41249899,1854557.0,1657591.0,196966.0,0.4797854516265622,41526917,1960960.0,1683942.0,277018.0,0.6715604321843309,41804861,1898876.0,1620932.0,277944.0,0.6693104619348458,42023763,1886537.0,1667635.0,218902.0,0.5236281015262795,42302402,2051800.0,1773161.0,278639.0,0.6630510456667101,42580487,1926572.0,1648487.0,278085.0,0.6573740186195574,42739941,1789462.0,1630008.0,159454.0,0.3744766939842656,42875436,1747894.0,1612399.0,135495.0,0.3170219631327989,42444425,1382923.0,1813934.0,-431011.0,-1.0052632467690825,42527722,1874226.0,1790929.0,83297.0,0.19624956634469662,42769507,1949844.0,1708059.0,241785.0,0.5685350369812895,42964678,2168418.0,1973247.0,195171.0,0.456332124660684,43144683,1865279.0,1685274.0,180005.0,0.4189604307054274,43299953,2000202.0,1844932.0,155270.0,0.35988212035304556,43457151,1914130.0,1756932.0,157198.0,0.36304427397415423,43599853,1883198.0,1740496.0,142702.0,0.32837403445982916,43820697,2099211.0,1878367.0,220844.0,0.5065246435578579,44032461,1917057.0,1705293.0,211764.0,0.48325109936065147,44222827,1941281.0,1750915.0,190366.0,0.4323310477695081,44352924,1866752.0,1736655.0,130097.0,0.2941851727389567,43922765,1502563.0,1932722.0,-430159.0,-0.9698548848774885,22982161.0,21503821.0,1478340.0,3.4830015956159146
"Agricultura, pecuária, produção florestal, pesca e aquicultura",1427862,69520.0,53425.0,16095.0,1432804,70254.0,65312.0,4942.0,0.34611187915919045,1428355,68635.0,73084.0,-4449.0,-0.3105100209100477,1422914,52759.0,58200.0,-5441.0,-0.38092771054814806,1438694,69794.0,54014.0,15780.0,1.10899182944296,1475523,84013.0,47184.0,36829.0,2.5598911234772648,1498488,73886.0,50921.0,22965.0,1.5563972909944475,1509172,66190.0,55506.0,10684.0,0.7129853559054193,1517092,68302.0,60382.0,7920.0,0.5247910774914986,1516795,65023.0,65320.0,-297.0,-0.019576927437492255,1500474,55550.0,71871.0,-16321.0,-1.0760188423616903,1476706.0,45905.0,69673.0,-23768.0,-1.5840327789751771,1509589,88199.0,55316.0,32883.0,2.2267804153297948,1532464,87523.0,64648.0,22875.0,1.5153131084023532,1535874,89350.0,85940.0,3410.0,0.22251746207414985,1547000,85399.0,74273.0,11126.0,0.724408382458457,1589280,105783.0,63503.0,42280.0,2.733031674208145,1627661,104436.0,66055.0,38381.0,2.4149929527836504,1653181,93045.0,67525.0,25520.0,1.5678940516483468,1662291,84941.0,75831.0,9110.0,0.551058837477566,1671177,90004.0,81118.0,8886.0,0.5345634428628923,1665333,83540.0,89384.0,-5844.0,-0.3496936590199602,1648536,73989.0,90786.0,-16797.0,-1.0086271034081473,1622463,63456.0,89529.0,-26073.0,-1.5815851155206802,1647477,106242.0,81228.0,25014.0,1.5417300733514416,1664892,104570.0,87155.0,17415.0,1.05707090296253,1648897,98510.0,114505.0,-15995.0,-0.96072297782679,1647876,95820.0,96841.0,-1021.0,-0.06192018058132194,1674623,121088.0,94341.0,26747.0,1.623119700754183,1709083,123008.0,88548.0,34460.0,2.0577765861331176,1724953,103950.0,88080.0,15870.0,0.9285681268844169,1732677,103696.0,95972.0,7724.0,0.4477803163332566,1742151,99961.0,90487.0,9474.0,0.5467839649282584,1740716,91032.0,92467.0,-1435.0,-0.08236943869963051,1722505,80060.0,98271.0,-18211.0,-1.0461786988802309,1685584,63391.0,100312.0,-36921.0,-2.1434480596573016,1708731,111632.0,88485.0,23147.0,1.3732332532819487,1725015,104811.0,88527.0,16284.0,0.9529879191048797,1724683,117601.0,117933.0,-332.0,-0.01924620945325113,1727585,103483.0,100581.0,2902.0,0.16826280539670188,1747144,128396.0,108837.0,19559.0,1.132158475559813,1774303,125832.0,98673.0,27159.0,1.5544797681244362,1787281,104362.0,91384.0,12978.0,0.7314421493961291,1792407,105218.0,100092.0,5126.0,0.2868043693185347,1798349,97457.0,91515.0,5942.0,0.33150952880679446,1796693,94611.0,96267.0,-1656.0,-0.09208446191478963,1775676,81983.0,103000.0,-21017.0,-1.1697602205830377,1722016,62078.0,115738.0,-53660.0,-3.0219476976655653,1237464.0,1201032.0,36432.0,2.1613873885846093
Indústria geral,7550221,240766.0,184933.0,55833.0,7586453,250477.0,214245.0,36232.0,0.47987999291676364,7552712,225973.0,259714.0,-33741.0,-0.4447532990713842,7347634,96258.0,301336.0,-205078.0,-2.7152895542687183,7246969,102957.0,203622.0,-100665.0,-1.370032856835275,7241452,145974.0,151491.0,-5517.0,-0.07612837863664106,7294083,207798.0,155167.0,52631.0,0.7268017519138427,7386916,256386.0,163553.0,92833.0,1.2727165292744818,7497616,295576.0,184876.0,110700.0,1.4985956250213215,7583399,286999.0,201216.0,85783.0,1.1441370163529314,7633912,253408.0,202895.0,50513.0,0.6660997265210494,7591010.0,174451.0,217353.0,-42902.0,-0.5619923310617152,7681246,296040.0,205804.0,90236.0,1.1887219223792354,7774245,322289.0,229290.0,92999.0,1.2107280511521177,7815037,294054.0,253262.0,40792.0,0.5247069007987271,7833677,243008.0,224368.0,18640.0,0.23851454574047443,7877440,258154.0,214391.0,43763.0,0.5586520863701682,7927562,262080.0,211958.0,50122.0,0.6362726977292116,7986392,278431.0,219601.0,58830.0,0.742094479992714,8059154,310814.0,238052.0,72762.0,0.9110747381295584,8135349,310478.0,234283.0,76195.0,0.9454466312469026,8162046,270604.0,243907.0,26697.0,0.3281604759672879,8170223,243191.0,235014.0,8177.0,0.10018321386573906,8078176,166083.0,258130.0,-92047.0,-1.126615515880044,8129595,284673.0,233254.0,51419.0,0.636517451464291,8172595,312833.0,269833.0,43000.0,0.5289316380459297,8187855,309012.0,293752.0,15260.0,0.186721598219415,8214233,285885.0,259507.0,26378.0,0.3221600773340515,8261208,308939.0,261964.0,46975.0,0.5718732351517177,8302725,293330.0,251813.0,41517.0,0.5025536216979406,8353228,303323.0,252820.0,50503.0,0.608270176357762,8405988,324438.0,271678.0,52760.0,0.6316121145023218,8462897,306362.0,249453.0,56909.0,0.6770054870409046,8477788,263318.0,248427.0,14891.0,0.17595629487160247,8452081,229430.0,255137.0,-25707.0,-0.30322768156033153,8337835,156219.0,270465.0,-114246.0,-1.35169078479016,8371858,296574.0,262551.0,34023.0,0.40805556838196005,8412238,305814.0,265434.0,40380.0,0.48233020674741495,8433222,334970.0,313986.0,20984.0,0.24944610459190528,8451935,291273.0,272560.0,18713.0,0.22189621001320728,8460364,305955.0,297526.0,8429.0,0.09972864202102832,8472481,288512.0,276395.0,12117.0,0.1432207881363024,8493735,291362.0,270108.0,21254.0,0.25085922293599716,8524821,327861.0,296775.0,31086.0,0.365987401302254,8568035,301495.0,258281.0,43214.0,0.5069197347369522,8588989,285880.0,264926.0,20954.0,0.2445601587761955,8576078,250561.0,263472.0,-12911.0,-0.15032036948702576,8465072,173547.0,284553.0,-111006.0,-1.2943678917099402,3453804.0,3326567.0,127237.0,1.5260196441882095
Indústrias Extrativas,218065,3284.0,3127.0,157.0,219404,4463.0,3124.0,1339.0,0.6140370990301057,219211,3685.0,3878.0,-193.0,-0.08796557947895206,217925,2063.0,3349.0,-1286.0,-0.5866493925943498,217381,2598.0,3142.0,-544.0,-0.249627165309166,218017,3563.0,2927.0,636.0,0.2925738680013433,218908,4062.0,3171.0,891.0,0.4086837264983923,219782,4400.0,3526.0,874.0,0.3992544813346246,220679,4611.0,3714.0,897.0,0.40813169413327754,221899,4682.0,3462.0,1220.0,0.5528391917672275,222979,4383.0,3303.0,1080.0,0.48670791666478896,222438.0,3405.0,3946.0,-541.0,-0.24262374483695776,223922,4711.0,3227.0,1484.0,0.6671521952184429,226270,5560.0,3212.0,2348.0,1.048579416046659,227676,5477.0,4071.0,1406.0,0.6213815353338931,230044,5715.0,3347.0,2368.0,1.0400744918217115,232594,6209.0,3659.0,2550.0,1.1084835944428022,234833,5903.0,3664.0,2239.0,0.962621563754869,236967,6080.0,3946.0,2134.0,0.9087308853525697,238648,5921.0,4240.0,1681.0,0.7093814750577084,240316,5947.0,4279.0,1668.0,0.6989373470550769,241467,5326.0,4175.0,1151.0,0.47895271226218816,241926,4588.0,4129.0,459.0,0.19008808657083576,240801,3628.0,4753.0,-1125.0,-0.4650182287145656,241308,4481.0,3974.0,507.0,0.21054729839161795,243212,6167.0,4263.0,1904.0,0.7890331029224062,244103,5492.0,4601.0,891.0,0.3663470552439847,245594,5767.0,4276.0,1491.0,0.6108077328013175,247115,6098.0,4577.0,1521.0,0.6193148041075922,248452,5673.0,4336.0,1337.0,0.5410436436476944,250023,5960.0,4389.0,1571.0,0.6323152963147811,251253,6202.0,4972.0,1230.0,0.4919547401639049,252372,5899.0,4780.0,1119.0,0.44536781650368357,253057,5817.0,5132.0,685.0,0.27142472223543024,253961,5644.0,4740.0,904.0,0.3572317699174494,253623,4145.0,4483.0,-338.0,-0.13309130142029682,253964,5157.0,4816.0,341.0,0.13445152844970684,255289,5802.0,4477.0,1325.0,0.5217274889354396,256855,6720.0,5154.0,1566.0,0.6134224349658622,259330,6933.0,4458.0,2475.0,0.9635786727920422,261974,7583.0,4939.0,2644.0,1.0195503798249335,263799,7131.0,5306.0,1825.0,0.6966340171162023,265014,6317.0,5102.0,1215.0,0.4605779400225172,266080,6563.0,5497.0,1066.0,0.40224290037507454,267162,6115.0,5033.0,1082.0,0.4066446181599519,268270,5745.0,4637.0,1108.0,0.4147296396942679,268554,4995.0,4711.0,284.0,0.10586349573191188,268119,3935.0,4370.0,-435.0,-0.16197859648338883,72996.0,58500.0,14496.0,5.715569960137685
Indústrias de Transformação,6860903,229525.0,174052.0,55473.0,6894126,236146.0,202923.0,33223.0,0.48423655020337697,6859943,213587.0,247770.0,-34183.0,-0.49582789754640405,6659183,89813.0,290573.0,-200760.0,-2.926554929100723,6561279,95469.0,193373.0,-97904.0,-1.4702103846673082,6556837,137323.0,141765.0,-4442.0,-0.06770021515622184,6608938,197406.0,145305.0,52101.0,0.7946056917382572,6699125,244024.0,153837.0,90187.0,1.3646216684132912,6807313,282477.0,174289.0,108188.0,1.6149571772432967,6889325,272580.0,190568.0,82012.0,1.2047631716067704,6937413,240342.0,192254.0,48088.0,0.6980074245299793,6896509.0,164071.0,204975.0,-40904.0,-0.589614601293018,6983487,281902.0,194924.0,86978.0,1.2611888130646969,7071033,305903.0,218357.0,87546.0,1.253614419272206,7109213,277754.0,239574.0,38180.0,0.5399493963611823,7125681,227656.0,211188.0,16468.0,0.23164308060540598,7164458,240874.0,202097.0,38777.0,0.5441865837103851,7209431,244921.0,199948.0,44973.0,0.6277236882399199,7263824,262016.0,207623.0,54393.0,0.7544700823130147,7333128,294060.0,224756.0,69304.0,0.9540980067799,7405905,293711.0,220934.0,72777.0,0.9924414247235286,7429652,254012.0,230265.0,23747.0,0.3206495357420869,7435584,227410.0,221478.0,5932.0,0.07984223217991906,7347288,152635.0,240931.0,-88296.0,-1.1874790198053038,7396090,269125.0,220323.0,48802.0,0.6642178719549309,7434665,293977.0,255402.0,38575.0,0.5215593644750132,7446753,290189.0,278101.0,12088.0,0.1625897064629005,7469273,268011.0,245491.0,22520.0,0.30241368284942444,7511354,289639.0,247558.0,42081.0,0.5633881637476632,7549340,274845.0,236859.0,37986.0,0.505714415803063,7595611,285057.0,238786.0,46271.0,0.6129145064336751,7644542,305511.0,256580.0,48931.0,0.6442009734305771,7698665,289425.0,235302.0,54123.0,0.707995325292215,7711760,246992.0,233897.0,13095.0,0.17009442546207687,7685132,213591.0,240219.0,-26628.0,-0.3452908285527558,7572140,142949.0,255941.0,-112992.0,-1.4702675243574217,7605878,280151.0,246413.0,33738.0,0.4455543611185213,7643068,287191.0,250001.0,37190.0,0.48896393026551305,7660944,314684.0,296808.0,17876.0,0.2338851361782991,7675130,271801.0,257615.0,14186.0,0.18517300217832164,7680887,286309.0,280552.0,5757.0,0.0750085014846654,7690594,269659.0,259952.0,9707.0,0.1263786330927665,7708895,272276.0,253975.0,18301.0,0.2379660140686142,7736972,307155.0,279078.0,28077.0,0.36421562363996396,7778924,284246.0,242294.0,41952.0,0.5422276311714712,7797106,268151.0,249969.0,18182.0,0.23373412569656166,7782971,234514.0,248649.0,-14135.0,-0.18128521017926394,7675424,160362.0,267909.0,-107547.0,-1.3818244986394013,3236499.0,3133215.0,103284.0,1.3640001373455852
Eletricidade e Gás,127679,1161.0,1444.0,-283.0,127970,1492.0,1201.0,291.0,0.2279153188856429,128139,1264.0,1095.0,169.0,0.1320622020786122,128189,667.0,617.0,50.0,0.03902012658129063,128200,724.0,713.0,11.0,0.008581079499801074,127866,750.0,1084.0,-334.0,-0.26053042121684866,127902,1020.0,984.0,36.0,0.02815447421519403,128022,1129.0,1009.0,120.0,0.09382183234038562,128170,1309.0,1161.0,148.0,0.11560513036821796,128523,1382.0,1029.0,353.0,0.27541546383709137,128837,1539.0,1225.0,314.0,0.24431424725535505,128507.0,1091.0,1421.0,-330.0,-0.25613760022353826,129019,1672.0,1160.0,512.0,0.398421875851121,129425,1842.0,1436.0,406.0,0.31468233360977843,129118,1626.0,1933.0,-307.0,-0.23720301332818233,129558,1936.0,1496.0,440.0,0.34077355597205655,129777,1674.0,1455.0,219.0,0.16903626175149353,130559,2094.0,1312.0,782.0,0.6025721044561055,130978,1750.0,1331.0,419.0,0.3209277031840011,131335,1990.0,1633.0,357.0,0.2725648582204645,131653,2083.0,1765.0,318.0,0.24212890699356607,131954,1816.0,1515.0,301.0,0.22863132628956423,131783,1672.0,1843.0,-171.0,-0.12959061491125695,131207,1210.0,1786.0,-576.0,-0.43708217296616403,131229,1431.0,1409.0,22.0,0.016767398080895075,131086,1663.0,1806.0,-143.0,-0.10896981612296064,131286,1612.0,1412.0,200.0,0.15257159422058802,131129,1595.0,1752.0,-157.0,-0.11958624681991986,131002,1506.0,1633.0,-127.0,-0.09685119233731669,131162,1685.0,1525.0,160.0,0.12213553991542113,131620,1669.0,1211.0,458.0,0.3491865021881338,131885,1685.0,1420.0,265.0,0.20133718279896673,132197,1676.0,1364.0,312.0,0.23656973878758009,132007,1254.0,1444.0,-190.0,-0.14372489542122743,132227,1431.0,1211.0,220.0,0.1666578287515056,131199,1049.0,2077.0,-1028.0,-0.7774508988330674,131088,1373.0,1484.0,-111.0,-0.08460430338645873,131281,1742.0,1549.0,193.0,0.1472293421213231,131373,1722.0,1630.0,92.0,0.07007868617697915,131444,1958.0,1887.0,71.0,0.054044590593196475,131657,1801.0,1588.0,213.0,0.16204619457715833,131889,1852.0,1620.0,232.0,0.1762154689837988,132330,1845.0,1404.0,441.0,0.334372085617451,132862,2012.0,1480.0,532.0,0.40202523993047684,133118,1727.0,1471.0,256.0,0.19268112778672608,133314,1702.0,1506.0,196.0,0.1472377890292823,133739,1759.0,1334.0,425.0,0.31879622545269065,133515,1416.0,1640.0,-224.0,-0.16749041042627805,20909.0,18593.0,2316.0,1.7652573571444903
"Água, Esgoto, Atividades de Gestão de Resíduos e Descontaminação",343574,6796.0,6310.0,486.0,344953,8376.0,6997.0,1379.0,0.40136913736196567,345419,7437.0,6971.0,466.0,0.1350908674515079,342337,3715.0,6797.0,-3082.0,-0.8922497025351819,340109,4166.0,6394.0,-2228.0,-0.6508206825438092,338732,4338.0,5715.0,-1377.0,-0.4048702033759765,338335,5310.0,5707.0,-397.0,-0.11720179965282289,339987,6833.0,5181.0,1652.0,0.48827345678100104,341454,7179.0,5712.0,1467.0,0.4314870862709456,343652,8355.0,6157.0,2198.0,0.6437177482179152,344683,7144.0,6113.0,1031.0,0.3000128036502043,343556.0,5884.0,7011.0,-1127.0,-0.32696709730389956,344818,7755.0,6493.0,1262.0,0.3673345830083014,347517,8984.0,6285.0,2699.0,0.7827317599429263,349030,9197.0,7684.0,1513.0,0.43537438456248184,348394,7701.0,8337.0,-636.0,-0.1822192934704753,350611,9397.0,7180.0,2217.0,0.6363485019833867,352739,9162.0,7034.0,2128.0,0.6069404553764713,354623,8585.0,6701.0,1884.0,0.5341059536938076,356043,8843.0,7423.0,1420.0,0.4004252403256416,357475,8737.0,7305.0,1432.0,0.40219861084194886,358973,9450.0,7952.0,1498.0,0.41905028323659,360930,9521.0,7564.0,1957.0,0.5451663495583233,358880,8610.0,10660.0,-2050.0,-0.5679771700883828,360968,9636.0,7548.0,2088.0,0.5818100757913508,363632,11026.0,8362.0,2664.0,0.7380155581658208,365713,11719.0,9638.0,2081.0,0.5722818673824086,368237,10512.0,7988.0,2524.0,0.6901586763390966,371737,11696.0,8196.0,3500.0,0.9504748300686786,373771,11127.0,9093.0,2034.0,0.5471610305135082,375974,10637.0,8434.0,2203.0,0.5893983214321068,378308,11040.0,8706.0,2334.0,0.6207876076537208,379663,9362.0,8007.0,1355.0,0.35817376317709376,380964,9255.0,7954.0,1301.0,0.3426723172919141,380761,8764.0,8967.0,-203.0,-0.053285874780819184,380873,8076.0,7964.0,112.0,0.029414777248720325,380928,9893.0,9838.0,55.0,0.014440509041071433,382600,11079.0,9407.0,1672.0,0.43892809139784944,384050,11844.0,10394.0,1450.0,0.3789858860428646,386031,10581.0,8600.0,1981.0,0.5158182528316626,385846,10262.0,10447.0,-185.0,-0.04792361235237585,386199,9870.0,9517.0,353.0,0.09148727730752683,387496,10924.0,9627.0,1297.0,0.33583722381466546,388907,12131.0,10720.0,1411.0,0.36413279104816565,388831,9407.0,9483.0,-76.0,-0.01954194704646612,390299,10282.0,8814.0,1468.0,0.3775419140963555,390814,9293.0,8778.0,515.0,0.1319501202923912,388014,7834.0,10634.0,-2800.0,-0.7164533512105503,123400.0,116259.0,7141.0,1.8749031829507472
Construção,1875396,143164.0,111392.0,31772.0,1898863,137113.0,113646.0,23467.0,1.2513090568605243,1885686,125344.0,138521.0,-13177.0,-0.6939415850432601,1816116,59027.0,128597.0,-69570.0,-3.6893735224210182,1795470,86416.0,107062.0,-20646.0,-1.136821656766418,1812486,114898.0,97882.0,17016.0,0.9477184247021672,1854439,140688.0,98735.0,41953.0,2.314666154662712,1905287,151653.0,100805.0,50848.0,2.7419613155245335,1951694,155971.0,109564.0,46407.0,2.4356960394943123,1988570,156900.0,120024.0,36876.0,1.8894355365134083,2009666,141136.0,120040.0,21096.0,1.06086283107962,1965308.0,94316.0,138674.0,-44358.0,-2.2072324455904613,2010248,159138.0,114198.0,44940.0,2.2866644821066213,2054446,166683.0,122485.0,44198.0,2.198634198367565,2079853,162863.0,137456.0,25407.0,1.2366837580544827,2102969,148046.0,124930.0,23116.0,1.1114247016495877,2126641,158857.0,135185.0,23672.0,1.1256466452905391,2149969,162207.0,138879.0,23328.0,1.096941138631297,2180608,169142.0,138503.0,30639.0,1.4250903152557084,2213998,176521.0,143131.0,33390.0,1.531224319088988,2240204,170070.0,143864.0,26206.0,1.1836505724034079,2257440,166443.0,149207.0,17236.0,0.7693942158839105,2269925,162384.0,149899.0,12485.0,0.5530601034800482,2217892,113698.0,165731.0,-52033.0,-2.292278379241605,2254701,182135.0,145326.0,36809.0,1.659638972501817,2294154,192311.0,152858.0,39453.0,1.749810728783994,2319213,191104.0,166045.0,25059.0,1.0922980758920282,2344554,179899.0,154558.0,25341.0,1.0926551377557818,2379999,201708.0,166263.0,35445.0,1.5118013916506083,2410256,192229.0,161972.0,30257.0,1.271303055169351,2442338,195679.0,163597.0,32082.0,1.331061928691392,2477494,211068.0,175912.0,35156.0,1.439440405054501,2508660,197256.0,166090.0,31166.0,1.2579647014281368,2514008,174681.0,169333.0,5348.0,0.21318153914838994,2495239,158287.0,177056.0,-18769.0,-0.7465767809808084,2420734,110955.0,185460.0,-74505.0,-2.9858863219114484,2459699,198850.0,159885.0,38965.0,1.6096357551056828,2481945,183041.0,160795.0,22246.0,0.9044196058135568,2515586,216380.0,182739.0,33641.0,1.355428907570474,2542523,183566.0,156629.0,26937.0,1.070804178429996,2570481,208231.0,180273.0,27958.0,1.0996164046500267,2591434,196651.0,175698.0,20953.0,0.8151392677090397,2616857,198957.0,173534.0,25423.0,0.9810398412616335,2645216,218051.0,189692.0,28359.0,1.0837046120594285,2666157,191063.0,170122.0,20941.0,0.7916555774651295,2677637,190286.0,178806.0,11480.0,0.4305822950411397,2660337,170865.0,188165.0,-17300.0,-0.6460920580347523,2584706,115631.0,191262.0,-75631.0,-2.8429105034437367,2271572.0,2107600.0,163972.0,6.773647992716258
Comércio; reparação de veículos automotores e motocicletas,8586009,308116.0,361605.0,-53489.0,8592252,333131.0,326888.0,6243.0,0.07271131441860823,8519525,311296.0,384023.0,-72727.0,-0.8464253608949085,8276328,116937.0,360134.0,-243197.0,-2.8545840290391777,8182054,144197.0,238471.0,-94274.0,-1.139080036460614,8162255,191301.0,211100.0,-19799.0,-0.24198080335329003,8188396,245220.0,219079.0,26141.0,0.32026688703060613,8236066,279049.0,231379.0,47670.0,0.5821652983075074,8305127,324027.0,254966.0,69061.0,0.8385192639301338,8419309,397125.0,282943.0,114182.0,1.374837494959439,8596744,436572.0,259137.0,177435.0,2.107476991282776,8655896.0,360180.0,301028.0,59152.0,0.6880744616799104,8662868,343287.0,336315.0,6972.0,0.08054625425259268,8728804,386423.0,320487.0,65936.0,0.761133610716451,8742940,352666.0,338530.0,14136.0,0.16194658512208546,8749725,297448.0,290663.0,6785.0,0.07760547367361552,8809254,353869.0,294340.0,59529.0,0.6803528110883486,8881729,378302.0,305827.0,72475.0,0.8227143864849397,8956309,390197.0,315617.0,74580.0,0.8397013689564272,9033998,417484.0,339795.0,77689.0,0.8674220596899906,9094393,418178.0,357783.0,60395.0,0.668530145789273,9164748,433236.0,362881.0,70355.0,0.773608530003047,9304035,475000.0,335713.0,139287.0,1.5198126560599374,9313048,390748.0,381735.0,9013.0,0.09687194856855118,9252960,368425.0,428513.0,-60088.0,-0.6452023011155961,9266179,428466.0,415247.0,13219.0,0.14286239214262247,9266531,435469.0,435117.0,352.0,0.0037987610642962973,9295792,423529.0,394268.0,29261.0,0.3157708100258878,9343349,448810.0,401253.0,47557.0,0.511597075321823,9390525,436638.0,389462.0,47176.0,0.5049153146264793,9429099,437488.0,398914.0,38574.0,0.41077575534914185,9470985,466529.0,424643.0,41886.0,0.44422059838379047,9528959,451905.0,393931.0,57974.0,0.612122181589349,9578315,443634.0,394278.0,49356.0,0.5179579427301555,9684284,476560.0,370591.0,105969.0,1.1063428170821277,9667009,387648.0,404923.0,-17275.0,-0.1783817987989613,9613485,401624.0,455148.0,-53524.0,-0.5536769439233997,9612160,419008.0,420333.0,-1325.0,-0.013782722914739035,9630715,492497.0,473942.0,18555.0,0.19303673680005326,9658274,423690.0,396131.0,27559.0,0.2861573621480856,9673686,449993.0,434581.0,15412.0,0.15957302515956784,9694240,439553.0,418999.0,20554.0,0.2124733012835025,9720984,436119.0,409375.0,26744.0,0.2758751588572183,9762827,483899.0,442056.0,41843.0,0.4304399636909185,9806292,454280.0,410815.0,43465.0,0.44520915919128756,9855939,474062.0,424415.0,49647.0,0.5062769903241715,9944645,502406.0,413700.0,88706.0,0.9000258625788978,9936696,420581.0,428530.0,-7949.0,-0.07993246616646446,5397712.0,5128025.0,269687.0,2.789766721019914
Serviços,18062559,623420.0,580953.0,42467.0,18190044,692857.0,565372.0,127485.0,0.7057970025177496,18081822,616417.0,724639.0,-108222.0,-0.5949518318922153,17702791,292663.0,671694.0,-379031.0,-2.0961991551515107,17549807,312966.0,465950.0,-152984.0,-0.864180117135202,17498167,373990.0,425630.0,-51640.0,-0.29424825013745165,17477774,394306.0,414699.0,-20393.0,-0.11654363568481202,17513864,504084.0,467994.0,36090.0,0.20649082657780105,17593340,562870.0,483394.0,79476.0,0.45378906676447867,17745734,665355.0,512961.0,152394.0,0.8662027790061467,17921959,666171.0,489946.0,176225.0,0.9930555704261091,17891717.0,581395.0,611637.0,-30242.0,-0.1687427138963994,17973745,663411.0,581383.0,82028.0,0.4584691340691338,18145652,752507.0,580600.0,171907.0,0.9564339540813559,18238237,727952.0,635367.0,92585.0,0.510232423723325,18292492,622410.0,568155.0,54255.0,0.2974794109759622,18401954,681653.0,572191.0,109462.0,0.5983985123514063,18527684,702723.0,576993.0,125730.0,0.6832426599914335,18654841,735236.0,608079.0,127157.0,0.686308121403625,18835235,829651.0,649257.0,180394.0,0.9670090460701327,18980546,801237.0,655926.0,145311.0,0.7714849323621393,19125187,806916.0,662275.0,144641.0,0.7620486786839535,19306147,818202.0,637242.0,180960.0,0.9461868268268435,19201477,703925.0,808595.0,-104670.0,-0.5421589300029674,19303503,836171.0,734145.0,102026.0,0.5313445418808147,19518924,974963.0,759542.0,215421.0,1.1159684332942057,19630437,918976.0,807463.0,111513.0,0.5713071068876543,19747444,869424.0,752417.0,117007.0,0.596048880623493,19867738,880415.0,760121.0,120294.0,0.6091623807111441,19992272,853671.0,729137.0,124534.0,0.6268151915431943,20074145,846097.0,764224.0,81873.0,0.40952323977985094,20215258,946069.0,804956.0,141113.0,0.7029589554125468,20337820,871088.0,748526.0,122562.0,0.6062846192712454,20429114,816797.0,725503.0,91294.0,0.4488878355693973,20521327,803557.0,711344.0,92213.0,0.45138031928354794,20333263,664710.0,852774.0,-188064.0,-0.9164319636834402,20373949,865546.0,824860.0,40686.0,0.200095774101776,20538149,937170.0,772970.0,164200.0,0.8059311427548975,20660472,1006970.0,884647.0,122323.0,0.5955892130298598,20764366,863267.0,759373.0,103894.0,0.5028636325443098,20848281,907627.0,823712.0,83915.0,0.40412984436895405,20924701,863581.0,787161.0,76420.0,0.3665530026192567,20981004,852396.0,796093.0,56303.0,0.26907433468224945,21095443,964181.0,849742.0,114439.0,0.5454410094006941,21193649,872757.0,774551.0,98206.0,0.4655318212563727,21303588,896440.0,786501.0,109939.0,0.518735589138048,21396208,860936.0,768316.0,92620.0,0.4347624447111914,21214299,730726.0,912635.0,-181909.0,-0.8501927070441642,10621597.0,9740561.0,881036.0,4.332978922271354
"Transporte, armazenagem e correio",2318213,65619.0,67714.0,-2095.0,2326462,75198.0,66949.0,8249.0,0.3558344293643423,2321012,73853.0,79303.0,-5450.0,-0.23426129461817988,2268258,36059.0,88813.0,-52754.0,-2.2728878609847776,2240445,36190.0,64003.0,-27813.0,-1.226183264866695,2231595,47990.0,56840.0,-8850.0,-0.3950108125841072,2228136,60111.0,63570.0,-3459.0,-0.15500124350520592,2227705,65228.0,65659.0,-431.0,-0.01934352301654836,2238013,74279.0,63971.0,10308.0,0.46271835813090156,2254974,84679.0,67718.0,16961.0,0.7578597622087092,2272876,84360.0,66458.0,17902.0,0.793889419567587,2269910.0,67425.0,70391.0,-2966.0,-0.13049546037707294,2270492,70636.0,70054.0,582.0,0.02563978307509989,2281453,85014.0,74053.0,10961.0,0.4827588029378655,2294740,87952.0,74665.0,13287.0,0.5823920107054583,2299143,77887.0,73484.0,4403.0,0.19187358916478556,2306398,79296.0,72041.0,7255.0,0.3155523601620256,2319114,82724.0,70008.0,12716.0,0.5513358925909578,2333411,88687.0,74390.0,14297.0,0.6164854336613035,2352090,94101.0,75422.0,18679.0,0.8005019261501725,2370023,96158.0,78225.0,17933.0,0.7624283084405783,2383791,94768.0,81000.0,13768.0,0.5809226323963945,2401821,97221.0,79191.0,18030.0,0.7563582545617463,2389860,77707.0,89668.0,-11961.0,-0.49799714466648426,2395690,89047.0,83217.0,5830.0,0.2439473441958943,2409750,105318.0,91258.0,14060.0,0.5868872850827945,2425993,106403.0,90160.0,16243.0,0.6740533250337172,2442277,103783.0,87499.0,16284.0,0.671230296212726,2457056,105734.0,90955.0,14779.0,0.6051320140999566,2473807,102200.0,85449.0,16751.0,0.6817508432856231,2487200,98793.0,85400.0,13393.0,0.5413922751451508,2501318,106405.0,92287.0,14118.0,0.5676262463814731,2517187,99479.0,83610.0,15869.0,0.6344255308601305,2527616,94465.0,84036.0,10429.0,0.41431168999363177,2538637,94681.0,83660.0,11021.0,0.43602350990023797,2519652,74863.0,93848.0,-18985.0,-0.7478422476313077,2522340,92909.0,90221.0,2688.0,0.10668139885984255,2539041,105009.0,88308.0,16701.0,0.6621232664906397,2562463,119912.0,96490.0,23422.0,0.9224742727667651,2578568,103011.0,86906.0,16105.0,0.6284968797598248,2586081,106583.0,99070.0,7513.0,0.29136326829465037,2597573,102395.0,90903.0,11492.0,0.4443789657013837,2606477,99317.0,90413.0,8904.0,0.34278151181891714,2619244,109438.0,96671.0,12767.0,0.4898182489237389,2632586,101216.0,87874.0,13342.0,0.5093836236715632,2648104,105644.0,90126.0,15518.0,0.5894584260495194,2659728,101199.0,89575.0,11624.0,0.43895556972082667,2634729,80217.0,105216.0,-24999.0,-0.9399081409828373,1226850.0,1111773.0,115077.0,4.5671783246257815
Alojamento e alimentação,1796196,93304.0,90524.0,2780.0,1807886,98571.0,86881.0,11690.0,0.6508198437141604,1726512,71103.0,152477.0,-81374.0,-4.501058141940366,1590110,12308.0,148710.0,-136402.0,-7.900437413698833,1532103,14057.0,72064.0,-58007.0,-3.64798661727805,1493999,17676.0,55780.0,-38104.0,-2.487039056773598,1467148,26227.0,53078.0,-26851.0,-1.7972568924075585,1451211,38785.0,54722.0,-15937.0,-1.0862571465182789,1455550,55397.0,51058.0,4339.0,0.29899166971584423,1481475,81084.0,55159.0,25925.0,1.7811136683727802,1517182,88563.0,52856.0,35707.0,2.410233044769571,1540430.0,81095.0,57847.0,23248.0,1.532314514672597,1545148,79572.0,74854.0,4718.0,0.3062781171491077,1561994,87386.0,70540.0,16846.0,1.0902515487189577,1530981,58066.0,89079.0,-31013.0,-1.985474976216298,1506418,43690.0,68253.0,-24563.0,-1.60439613554969,1512460,65911.0,59869.0,6042.0,0.4010838957049106,1530741,76580.0,58299.0,18281.0,1.2086931224627429,1559001,90393.0,62133.0,28260.0,1.8461647006253836,1592730,109908.0,76179.0,33729.0,2.1635008572797583,1624460,111105.0,79375.0,31730.0,1.992176954034896,1657321,115681.0,82820.0,32861.0,2.022887605727442,1693737,118262.0,81846.0,36416.0,2.197281033668191,1713844,110965.0,90858.0,20107.0,1.1871382629062244,1715851,101794.0,99787.0,2007.0,0.11710517409985974,1736290,118279.0,97840.0,20439.0,1.1911873466868628,1743341,114721.0,107670.0,7051.0,0.40609575589331276,1762757,117583.0,98167.0,19416.0,1.113723591655333,1784083,121221.0,99895.0,21326.0,1.2098094065149083,1801841,113188.0,95430.0,17758.0,0.9953572787813123,1814274,113707.0,101274.0,12433.0,0.6900164886912885,1830858,123685.0,107101.0,16584.0,0.9140846421213114,1848924,120619.0,102553.0,18066.0,0.9867504743677554,1863519,116772.0,102177.0,14595.0,0.7893780382536004,1884990,118602.0,97131.0,21471.0,1.1521749979474316,1885009,102224.0,102205.0,19.0,0.0010079629069650238,1882657,113539.0,115891.0,-2352.0,-0.12477394007137366,1898118,125257.0,109796.0,15461.0,0.8212329702117804,1909431,137023.0,125710.0,11313.0,0.5960114176252478,1918601,116169.0,106999.0,9170.0,0.4802477806215569,1923947,120181.0,114835.0,5346.0,0.27864053026137275,1936991,119324.0,106280.0,13044.0,0.6779812541613672,1946423,118412.0,108980.0,9432.0,0.486940827293467,1960934,132243.0,117732.0,14511.0,0.7455214000245579,1977576,126437.0,109795.0,16642.0,0.8486772119816374,1988312,126067.0,115331.0,10736.0,0.5428868473322896,2003216,124769.0,109865.0,14904.0,0.7495805487267592,2001364,111576.0,113428.0,-1852.0,-0.09245133824809706,1470997.0,1354642.0,116355.0,6.172649573556413
"Informação, comunicação e atividades financeiras, imobiliárias, profissionais e administrativas",7605776,315820.0,290143.0,25677.0,7635498,304794.0,275072.0,29722.0,0.39078195308407715,7599303,315175.0,351370.0,-36195.0,-0.4740358782099085,7463200,163581.0,299684.0,-136103.0,-1.7909932002974482,7421902,183809.0,225107.0,-41298.0,-0.5533551291671133,7432735,223257.0,212424.0,10833.0,0.14595989006591573,7453828,210999.0,189906.0,21093.0,0.28378517463625436,7508754,289336.0,234410.0,54926.0,0.7368831156286407,7574754,323196.0,257196.0,66000.0,0.8789740614754458,7677145,380327.0,277936.0,102391.0,1.3517402677367476,7778995,375975.0,274125.0,101850.0,1.326665055824789,7786455.0,326184.0,318724.0,7460.0,0.0958992774773605,7841793,364304.0,308966.0,55338.0,0.7106956888596929,7913963,375272.0,303102.0,72170.0,0.9203252368431556,7966332,382730.0,330361.0,52369.0,0.6617291488474233,8000413,339650.0,305569.0,34081.0,0.4278129508034563,8059433,375756.0,316736.0,59020.0,0.7377119156223559,8127094,384289.0,316628.0,67661.0,0.8395255596764686,8196656,398407.0,328845.0,69562.0,0.855927100141822,8276388,425007.0,345275.0,79732.0,0.9727381507775854,8340989,414113.0,349512.0,64601.0,0.7805458129802518,8412247,430233.0,358975.0,71258.0,0.8543111614222246,8518075,448745.0,342917.0,105828.0,1.2580229753120657,8500185,390596.0,408486.0,-17890.0,-0.21002397842235485,8558958,443588.0,384815.0,58773.0,0.6914320100091939,8616951,445897.0,387904.0,57993.0,0.6775707977536518,8656526,457680.0,418105.0,39575.0,0.459269177694059,8696136,434255.0,394645.0,39610.0,0.4575738581504867,8745509,446409.0,397036.0,49373.0,0.5677579099498904,8811336,444836.0,379009.0,65827.0,0.7526948974610854,8849278,439584.0,401642.0,37942.0,0.43060439415770774,8910687,477359.0,415950.0,61409.0,0.6939436189031467,8969897,454300.0,395090.0,59210.0,0.6644829966533445,9019157,434632.0,385372.0,49260.0,0.5491701855662333,9071515,438129.0,385771.0,52358.0,0.5805198867255554,9028995,369092.0,411612.0,-42520.0,-0.4687199436918751,9045442,451259.0,434812.0,16447.0,0.1821575933977148,9074468,422834.0,393808.0,29026.0,0.3208908973160184,9109935,496607.0,461140.0,35467.0,0.3908438489176445,9141846,433638.0,401727.0,31911.0,0.3502878999685508,9179577,470911.0,433180.0,37731.0,0.4127284576878674,9219617,451748.0,411708.0,40040.0,0.4361856760937895,9246835,444804.0,417586.0,27218.0,0.2952183371608604,9290348,487771.0,444258.0,43513.0,0.4705718226831126,9332072,452688.0,410964.0,41724.0,0.4491112711816608,9397200,483991.0,418863.0,65128.0,0.6978943154317712,9459671,475043.0,412572.0,62471.0,0.6647831268888604,9423125,405135.0,441681.0,-36546.0,-0.38633478902173235,5476429.0,5082299.0,394130.0,4.365159134543767
Informação e Comunicação,924244,30854.0,25332.0,5522.0,928317,29035.0,24962.0,4073.0,0.4406844945706978,928286,29298.0,29329.0,-31.0,-0.0033393765276301095,915099,12245.0,25432.0,-13187.0,-1.4205751244767237,910162,13871.0,18808.0,-4937.0,-0.5395044689153851,911406,19171.0,17927.0,1244.0,0.13667896484362124,915773,23734.0,19367.0,4367.0,0.47914979712663736,921674,27243.0,21342.0,5901.0,0.6443736602848086,930793,32220.0,23101.0,9119.0,0.989395382749215,945175,38738.0,24356.0,14382.0,1.5451340953359125,946324,32131.0,30982.0,1149.0,0.1215647895892295,949143.0,26857.0,24038.0,2819.0,0.2978895177550184,955748,34255.0,27650.0,6605.0,0.6958909247605471,965738,36304.0,26314.0,9990.0,1.045254606862897,977499,41017.0,29256.0,11761.0,1.2178251244126252,987512,37781.0,27768.0,10013.0,1.0243488740141935,998266,39763.0,29009.0,10754.0,1.088999424817116,1010611,42468.0,30123.0,12345.0,1.2366443412877932,1021964,42749.0,31396.0,11353.0,1.1233798167643139,1033529,43843.0,32278.0,11565.0,1.1316445589081414,1043392,43385.0,33522.0,9863.0,0.9543031690450873,1054700,44152.0,32844.0,11308.0,1.0837729252284856,1066703,43322.0,31319.0,12003.0,1.1380487342372239,1071480,36326.0,31549.0,4777.0,0.4478284958418604,1078832,43182.0,35830.0,7352.0,0.6861537312875648,1086740,44480.0,36572.0,7908.0,0.7330149643317959,1096554,47357.0,37543.0,9814.0,0.903067891123912,1105020,44486.0,36020.0,8466.0,0.7720550013952802,1113511,45251.0,36760.0,8491.0,0.768402381857342,1122209,45476.0,36778.0,8698.0,0.7811328311978957,1127552,41737.0,36394.0,5343.0,0.47611452055722236,1134125,44441.0,37868.0,6573.0,0.5829442899307526,1142187,44193.0,36131.0,8062.0,0.7108563870825526,1144217,39427.0,37397.0,2030.0,0.17772921596901384,1146418,37142.0,34941.0,2201.0,0.19235861729025175,1142788,27118.0,30748.0,-3630.0,-0.316638433799888,1143793,37609.0,36604.0,1005.0,0.08794282054064272,1142998,33267.0,34062.0,-795.0,-0.0695055836152171,1144166,39619.0,38451.0,1168.0,0.10218740540228416,1146706,36199.0,33659.0,2540.0,0.22199575935659688,1149699,39479.0,36486.0,2993.0,0.2610084886623075,1149742,36560.0,36517.0,43.0,0.003740109367756256,1152254,36096.0,33584.0,2512.0,0.2184837989740307,1152897,38795.0,38152.0,643.0,0.05580366828841557,1154981,35505.0,33421.0,2084.0,0.1807620281777123,1158325,37183.0,33839.0,3344.0,0.2895285723314929,1161456,34413.0,31282.0,3131.0,0.2703041029072152,1159689,28325.0,30092.0,-1767.0,-0.15213662850766624,433050.0,416149.0,16901.0,1.4789269750819924
"Atividades Financeiras, de Seguros e Serviços Relacionados",960308,14406.0,12676.0,1730.0,962207,14331.0,12432.0,1899.0,0.19774905551135677,964044,15305.0,13468.0,1837.0,0.19091526043772286,958510,5328.0,10862.0,-5534.0,-0.5740401890370149,955167,5833.0,9176.0,-3343.0,-0.34877048752751666,953985,7656.0,8838.0,-1182.0,-0.12374799380631869,954095,9966.0,9856.0,110.0,0.01153057962127287,955354,11807.0,10548.0,1259.0,0.13195750947232718,956639,12944.0,11659.0,1285.0,0.13450511538131416,953916,14251.0,16974.0,-2723.0,-0.2846423781593684,955402,15106.0,13620.0,1486.0,0.1557789155439263,957677.0,13348.0,11073.0,2275.0,0.2381196606245329,962227,17172.0,12622.0,4550.0,0.4751079957021,965480,17736.0,14483.0,3253.0,0.3380699148953417,967827,19407.0,17060.0,2347.0,0.24309151924431371,974348,20510.0,13989.0,6521.0,0.6737774416295474,979717,20045.0,14676.0,5369.0,0.5510351537643634,985468,21236.0,15485.0,5751.0,0.5870062477225566,990995,21828.0,16301.0,5527.0,0.560850276213941,996981,22451.0,16465.0,5986.0,0.6040393745679846,1003084,22574.0,16471.0,6103.0,0.6121480750385414,1008244,22460.0,17300.0,5160.0,0.514413548616068,1013586,21075.0,15733.0,5342.0,0.529832064460587,1014775,16625.0,15436.0,1189.0,0.11730627692174123,1018072,18488.0,15191.0,3297.0,0.32489960828755143,1021787,19167.0,15452.0,3715.0,0.36490542908556567,1024977,20571.0,17381.0,3190.0,0.3121981391425023,1028893,21462.0,17546.0,3916.0,0.38205735348207814,1031827,21079.0,18145.0,2934.0,0.2851608476294425,1035488,21052.0,17391.0,3661.0,0.35480754041132867,1038407,20270.0,17351.0,2919.0,0.28189607219011714,1042493,21921.0,17835.0,4086.0,0.39348733203840114,1046050,20236.0,16679.0,3557.0,0.3412013318075037,1049196,19132.0,15986.0,3146.0,0.3007504421394771,1051989,17795.0,15002.0,2793.0,0.26620383608019854,1051044,13290.0,14235.0,-945.0,-0.08982983662376698,1052329,19889.0,18604.0,1285.0,0.12225939161443289,1051479,16942.0,17792.0,-850.0,-0.08077321826158929,1050930,19780.0,20329.0,-549.0,-0.05221216971522969,1051241,19009.0,18698.0,311.0,0.029592836820720697,1051421,19556.0,19376.0,180.0,0.017122619836935585,1052519,19585.0,18487.0,1098.0,0.10443009983631675,1054108,20012.0,18423.0,1589.0,0.15097114636410364,1056470,22275.0,19913.0,2362.0,0.22407571140718027,1058672,19942.0,17740.0,2202.0,0.2084299601503119,1062257,21069.0,17484.0,3585.0,0.3386317953058171,1064694,18981.0,16544.0,2437.0,0.22941717493977445,1064031,14891.0,15554.0,-663.0,-0.06227141319477709,231931.0,218944.0,12987.0,1.2356285750168405
Atividades Imobiliárias,158800,5654.0,4591.0,1063.0,159896,5649.0,4553.0,1096.0,0.690176322418136,159908,5085.0,5073.0,12.0,0.007504878170811027,156302,1678.0,5284.0,-3606.0,-2.255046651824799,154688,2353.0,3967.0,-1614.0,-1.0326163452802908,154225,2907.0,3370.0,-463.0,-0.29931216383947046,154874,4181.0,3532.0,649.0,0.42081374615010536,155876,4479.0,3477.0,1002.0,0.6469775430349832,157135,5094.0,3835.0,1259.0,0.8076932946701224,158766,5699.0,4068.0,1631.0,1.0379609889585388,160463,5333.0,3636.0,1697.0,1.068868649458952,161171.0,4604.0,3896.0,708.0,0.4412232103350928,163172,6204.0,4203.0,2001.0,1.2415384901750315,164913,6402.0,4661.0,1741.0,1.0669722746549652,166444,6198.0,4667.0,1531.0,0.9283682911595811,167903,5640.0,4181.0,1459.0,0.8765710989882483,169244,6156.0,4815.0,1341.0,0.7986754256922151,171000,6521.0,4765.0,1756.0,1.0375552456807924,172672,6551.0,4879.0,1672.0,0.9777777777777777,174413,7029.0,5288.0,1741.0,1.0082700148257968,175954,7114.0,5573.0,1541.0,0.883535057593184,177011,6731.0,5674.0,1057.0,0.6007251895381748,178791,6939.0,5159.0,1780.0,1.0055872233928964,178765,5617.0,5643.0,-26.0,-0.014542119010464732,179831,6998.0,5932.0,1066.0,0.596313596061869,181207,7918.0,6542.0,1376.0,0.7651628473400025,182506,8117.0,6818.0,1299.0,0.7168597239620986,183558,7526.0,6474.0,1052.0,0.5764194053894118,184283,7715.0,6990.0,725.0,0.39497052702687985,184764,7107.0,6626.0,481.0,0.2610115962948292,184815,7187.0,7136.0,51.0,0.027602779762291356,185463,7546.0,6898.0,648.0,0.3506208911614317,186103,6880.0,6240.0,640.0,0.3450823075222551,186853,6567.0,5817.0,750.0,0.4030026383239389,186989,6055.0,5919.0,136.0,0.07278448834110236,186046,4802.0,5745.0,-943.0,-0.5043077400274882,186249,6948.0,6745.0,203.0,0.10911280006020017,186633,6753.0,6369.0,384.0,0.20617560362740203,187273,8282.0,7642.0,640.0,0.34291899074654536,187931,7115.0,6457.0,658.0,0.3513587116135268,188404,7530.0,7057.0,473.0,0.2516881195758018,188750,7203.0,6857.0,346.0,0.1836479055646377,189276,7074.0,6548.0,526.0,0.2786754966887417,189665,7716.0,7327.0,389.0,0.20551998140281919,190402,6996.0,6259.0,737.0,0.3885798644979305,190603,6788.0,6587.0,201.0,0.10556611800296214,190934,6748.0,6417.0,331.0,0.173659386263595,190379,5391.0,5946.0,-555.0,-0.2906763593702536,84544.0,80211.0,4333.0,2.328993904733238
"Atividades Profissionais, Científicas e Técnicas",1120846,48125.0,39035.0,9090.0,1127981,45017.0,37882.0,7135.0,0.6365727316687574,1125959,44777.0,46799.0,-2022.0,-0.17925833857130571,1103374,18259.0,40844.0,-22585.0,-2.005845683546204,1092569,21485.0,32290.0,-10805.0,-0.9792690420473928,1088680,26518.0,30407.0,-3889.0,-0.3559500589894094,1094342,35063.0,29401.0,5662.0,0.5200793621633537,1107108,43322.0,30556.0,12766.0,1.1665457416420095,1119441,45533.0,33200.0,12333.0,1.1139834596082767,1138981,55301.0,35761.0,19540.0,1.7455140556760025,1152354,49014.0,35641.0,13373.0,1.1741196736381028,1148951.0,37908.0,41311.0,-3403.0,-0.2953085596960656,1167066,56218.0,38103.0,18115.0,1.576655575390073,1182567,56608.0,41107.0,15501.0,1.3282025181095158,1198769,61028.0,44826.0,16202.0,1.370070363877903,1211041,55510.0,43238.0,12272.0,1.0237168295142767,1225753,60127.0,45415.0,14712.0,1.2148226195479757,1240649,59421.0,44525.0,14896.0,1.2152529914264945,1254520,62309.0,48438.0,13871.0,1.1180438625267903,1269816,64957.0,49661.0,15296.0,1.2192711156458247,1283374,64625.0,51067.0,13558.0,1.0677137475035754,1294052,64896.0,54218.0,10678.0,0.8320255825659549,1307849,64444.0,50647.0,13797.0,1.0661859028848917,1300386,50565.0,58028.0,-7463.0,-0.57063162490471,1313286,68337.0,55437.0,12900.0,0.9920131407136036,1326986,69730.0,56030.0,13700.0,1.043184805137647,1340192,75264.0,62058.0,13206.0,0.9951875905246929,1350949,69844.0,59087.0,10757.0,0.8026461880088823,1362969,71266.0,59246.0,12020.0,0.8897449126502924,1374307,67870.0,56532.0,11338.0,0.8318604458355252,1383852,67349.0,57804.0,9545.0,0.6945318622403873,1396884,74346.0,61314.0,13032.0,0.941719201186254,1406558,72077.0,62403.0,9674.0,0.692541399285839,1416535,67654.0,57677.0,9977.0,0.7093201986693759,1425971,64826.0,55390.0,9436.0,0.6661324993734712,1415237,49306.0,60040.0,-10734.0,-0.752750231245937,1424987,72463.0,62713.0,9750.0,0.6889305466151606,1433240,66682.0,58429.0,8253.0,0.5791631783307497,1443075,79286.0,69451.0,9835.0,0.6862074739750496,1450692,66151.0,58534.0,7617.0,0.5278311938048957,1454923,70531.0,66300.0,4231.0,0.29165391413201425,1461072,69363.0,63214.0,6149.0,0.42263405004938404,1467467,69426.0,63031.0,6395.0,0.43769232453978996,1473709,75992.0,69750.0,6242.0,0.42535879852834846,1482361,69610.0,60958.0,8652.0,0.5870901243054091,1489004,69824.0,63181.0,6643.0,0.4481364525915077,1494589,66777.0,61192.0,5585.0,0.3750829413487136,1483483,51446.0,62552.0,-11106.0,-0.7430805391984017,827551.0,759305.0,68246.0,4.822231188133154
Atividades Administrativas e Serviços Complementares,4441578,216781.0,208509.0,8272.0,4457097,210762.0,195243.0,15519.0,0.3494028473664089,4421106,220710.0,256701.0,-35991.0,-0.8074986925346253,4329915,126071.0,217262.0,-91191.0,-2.062628672553881,4309316,140267.0,160866.0,-20599.0,-0.47573682162351916,4324439,167005.0,151882.0,15123.0,0.3509373645376668,4334744,138055.0,127750.0,10305.0,0.23829680566658473,4368742,202485.0,168487.0,33998.0,0.7843139064267695,4410746,227405.0,185401.0,42004.0,0.9614667105542053,4480307,266338.0,196777.0,69561.0,1.5770801583224243,4564452,274391.0,190246.0,84145.0,1.878107906444804,4569513.0,243467.0,238406.0,5061.0,0.11087858958753428,4593580,250455.0,226388.0,24067.0,0.5266863230282964,4635265,258222.0,216537.0,41685.0,0.9074621537014703,4655793,255080.0,234552.0,20528.0,0.44286572612353337,4659609,220209.0,216393.0,3816.0,0.08196240683380898,4686453,249665.0,222821.0,26844.0,0.5760998401368012,4719366,254643.0,221730.0,32913.0,0.7023008659214123,4756505,264970.0,227831.0,37139.0,0.7869489249191521,4801649,286727.0,241583.0,45144.0,0.9491002322083126,4835185,276415.0,242879.0,33536.0,0.6984267279844903,4878240,291994.0,248939.0,43055.0,0.8904519682287233,4951146,312965.0,240059.0,72906.0,1.4945144150349305,4934779,281463.0,297830.0,-16367.0,-0.3305699326984096,4968937,306583.0,272425.0,34158.0,0.6921890524378093,5000231,304602.0,273308.0,31294.0,0.6297926498162484,5012297,306371.0,294305.0,12066.0,0.24130885153105927,5027716,290937.0,275518.0,15419.0,0.307623430933961,5052919,301098.0,275895.0,25203.0,0.5012812975116335,5094568,303331.0,261682.0,41649.0,0.8242562368405272,5114652,303041.0,282957.0,20084.0,0.39422380857415196,5151722,329105.0,292035.0,37070.0,0.7247804933747203,5188999,310914.0,273637.0,37277.0,0.7235832989435377,5222356,301852.0,268495.0,33357.0,0.6428407482830504,5260148,312311.0,274519.0,37792.0,0.7236580577808177,5233880,274576.0,300844.0,-26268.0,-0.4993775840527681,5238084,314350.0,310146.0,4204.0,0.08032281978188266,5260118,299190.0,277156.0,22034.0,0.42064999339453124,5284491,349640.0,325267.0,24373.0,0.4633546243639401,5305276,305164.0,284379.0,20785.0,0.3933207569092274,5335130,333815.0,303961.0,29854.0,0.562722844202639,5367534,319037.0,286633.0,32404.0,0.6073703920991615,5383730,312196.0,296000.0,16196.0,0.3017400541850317,5417607,342993.0,309116.0,33877.0,0.6292477520232255,5445656,320635.0,292586.0,28049.0,0.5177378130233514,5497011,349127.0,297772.0,51355.0,0.9430452456049373,5547998,348124.0,297137.0,50987.0,0.927540439704414,5525543,305082.0,327537.0,-22455.0,-0.4047405929129751,3899353.0,3607690.0,291663.0,5.57259623835472
"Administração pública, defesa e seguridade social, educação, saúde humana e serviços sociais",5168761,109618.0,97563.0,12055.0,5239214,168044.0,97591.0,70453.0,1.363053931106507,5262464,120781.0,97531.0,23250.0,0.44376885540464656,5241668,69869.0,90665.0,-20796.0,-0.3951761000170262,5230488,65566.0,76746.0,-11180.0,-0.2132908837415876,5223360,69728.0,76856.0,-7128.0,-0.1362779151773219,5216524,77647.0,84483.0,-6836.0,-0.13087361391900998,5215959,87558.0,88123.0,-565.0,-0.010830967134436648,5212467,82083.0,85575.0,-3492.0,-0.066948379003746,5216891,86422.0,81998.0,4424.0,0.08487343900690403,5229521,84824.0,72194.0,12630.0,0.24209821520135266,5177470.0,80036.0,132087.0,-52051.0,-0.9953301650380599,5196068,115481.0,96883.0,18598.0,0.359210193395616,5256170,162056.0,101954.0,60102.0,1.156682322094322,5311825,162360.0,106705.0,55655.0,1.0588508362552962,5348655,128756.0,91926.0,36830.0,0.693358685574167,5376001,120118.0,92772.0,27346.0,0.5112687208279464,5396202,120821.0,100620.0,20201.0,0.3757625789132108,5402652,117064.0,110614.0,6450.0,0.11952851283180282,5437536,152067.0,117183.0,34884.0,0.6456828979545601,5456808,132171.0,112899.0,19272.0,0.35442523966737877,5471146,119350.0,105012.0,14338.0,0.2627543428319266,5481129,108258.0,98275.0,9983.0,0.18246634251763708,5396746,88102.0,172485.0,-84383.0,-1.539518591881344,5426315,154184.0,124615.0,29569.0,0.547904237108806,5527926,241724.0,140113.0,101611.0,1.8725599232628405,5565785,180703.0,142844.0,37859.0,0.6848680680602454,5596200,158679.0,128264.0,30415.0,0.5464637962120348,5620985,153227.0,128442.0,24785.0,0.4428898180908474,5635569,142521.0,127937.0,14584.0,0.25945630525610724,5645874,143874.0,133569.0,10305.0,0.18285642496791363,5683935,180969.0,142908.0,38061.0,0.674138317645771,5705494,143801.0,122242.0,21559.0,0.3792970890764937,5719030,123677.0,110141.0,13536.0,0.23724501331523615,5724239,108851.0,103642.0,5209.0,0.09108187926973631,5614388,83063.0,192914.0,-109851.0,-1.9190498509932936,5633851,159067.0,139604.0,19463.0,0.3466628954037377,5724232,227478.0,137097.0,90381.0,1.604249029660174,5769145,194440.0,149527.0,44913.0,0.7846118046927518,5807283,159529.0,121391.0,38138.0,0.661068494551619,5833399,157428.0,131312.0,26116.0,0.4497111644119979,5839527,140639.0,134511.0,6128.0,0.1050502460058021,5844275,140238.0,135490.0,4748.0,0.08130795525048519,5880387,179234.0,143122.0,36112.0,0.6179038460715829,5900770,142403.0,122020.0,20383.0,0.34662684615825456,5913218,130697.0,118249.0,12448.0,0.21095551936442195,5914379,115590.0,114429.0,1161.0,0.019633979332404117,5805523,94165.0,203021.0,-108856.0,-1.84053135587016,1840908.0,1649773.0,191135.0,3.404378179776674
"Administração Pública, Defesa e Seguridade Social",977901,3961.0,4406.0,-445.0,989152,15470.0,4219.0,11251.0,1.1505254621889127,992624,6957.0,3485.0,3472.0,0.3510077318753842,992574,2424.0,2474.0,-50.0,-0.005037154048259966,993058,3235.0,2751.0,484.0,0.04876210740962387,992788,2402.0,2672.0,-270.0,-0.027188744262671465,992313,2534.0,3009.0,-475.0,-0.04784505856235168,992258,3255.0,3310.0,-55.0,-0.005542606012417453,992106,2262.0,2414.0,-152.0,-0.015318596574681183,991552,1881.0,2435.0,-554.0,-0.0558408073330874,989160,1640.0,4032.0,-2392.0,-0.24123797844187697,973717.0,1332.0,16775.0,-15443.0,-1.561223664523434,975935,6800.0,4582.0,2218.0,0.22778692371602838,982564,10619.0,3990.0,6629.0,0.6792460563459657,985816,7303.0,4051.0,3252.0,0.3309708069906897,987472,5201.0,3545.0,1656.0,0.16798266613647983,988545,5050.0,3977.0,1073.0,0.10866130887761882,989226,4431.0,3750.0,681.0,0.06888912492602764,989919,4363.0,3670.0,693.0,0.07005477009298178,991065,5955.0,4809.0,1146.0,0.11576704760692541,992009,5663.0,4719.0,944.0,0.09525106829521778,992935,5043.0,4117.0,926.0,0.09334592730509501,992873,3736.0,3798.0,-62.0,-0.006244114670144572,975090,2370.0,20153.0,-17783.0,-1.7910649196825779,976305,6084.0,4869.0,1215.0,0.12460388271851829,988018,20466.0,8753.0,11713.0,1.1997275441588438,993613,11487.0,5892.0,5595.0,0.5662852296213227,996545,8561.0,5629.0,2932.0,0.2950847060173327,998306,7697.0,5936.0,1761.0,0.17671053489807284,1001335,8324.0,5295.0,3029.0,0.3034139832876893,1005434,9284.0,5185.0,4099.0,0.4093535130600648,1010036,10202.0,5600.0,4602.0,0.45771278870617066,1013199,7858.0,4695.0,3163.0,0.3131571547944826,1015854,6593.0,3938.0,2655.0,0.26204131666138636,1017629,5781.0,4006.0,1775.0,0.17472983322406566,994776,4390.0,27243.0,-22853.0,-2.2457103718545754,1003020,16266.0,8022.0,8244.0,0.8287292817679558,1023101,26038.0,5957.0,20081.0,2.0020537975314547,1031466,14132.0,5767.0,8365.0,0.8176123373938643,1036047,9386.0,4805.0,4581.0,0.44412515778513306,1038763,8810.0,6094.0,2716.0,0.262150269244542,1040496,7077.0,5344.0,1733.0,0.16683305046483174,1040293,5772.0,5975.0,-203.0,-0.019509926035275484,1041362,6966.0,5897.0,1069.0,0.10275951102237542,1042158,5948.0,5152.0,796.0,0.07643835669056485,1042987,5169.0,4340.0,829.0,0.07954647951654163,1042643,4156.0,4500.0,-344.0,-0.032982194408942775,1019129,4125.0,27639.0,-23514.0,-2.2552302178214405,113845.0,89492.0,24353.0,2.4480888159746517
Educação,1809223,50125.0,43144.0,6981.0,1858712,92291.0,42802.0,49489.0,2.735373140845545,1869023,49058.0,38747.0,10311.0,0.5547389805413641,1845399,8713.0,32337.0,-23624.0,-1.2639758847269402,1826391,7311.0,26319.0,-19008.0,-1.0300211498976646,1805974,8517.0,28934.0,-20417.0,-1.1178876812248855,1786093,11873.0,31754.0,-19881.0,-1.1008464130712845,1777607,20628.0,29114.0,-8486.0,-0.47511523756041824,1768557,19176.0,28226.0,-9050.0,-0.5091114065144884,1767933,20851.0,21475.0,-624.0,-0.035283001904942844,1768076,19452.0,19309.0,143.0,0.008088541816912745,1724064.0,12225.0,56237.0,-44012.0,-2.489259511468964,1718979,32709.0,37794.0,-5085.0,-0.2949426471407094,1746552,69644.0,42071.0,27573.0,1.6040335571289703,1759356,47502.0,34698.0,12804.0,0.7331015623926457,1764290,31761.0,26827.0,4934.0,0.2804435259265322,1774139,37262.0,27413.0,9849.0,0.5582415589273872,1776128,34483.0,32494.0,1989.0,0.11211071962230694,1771752,33175.0,37551.0,-4376.0,-0.24637863937734217,1796943,65446.0,40255.0,25191.0,1.4218129851130408,1812950,51394.0,35387.0,16007.0,0.8907906372099728,1822172,39941.0,30719.0,9222.0,0.5086737085964864,1824786,32238.0,29624.0,2614.0,0.1434551732767269,1762242,19236.0,81780.0,-62544.0,-3.427470399268736,1773438,58627.0,47431.0,11196.0,0.6353270436182998,1839945,122165.0,55658.0,66507.0,3.750173392021599,1868197,79428.0,51176.0,28252.0,1.5354806801290257,1885379,61151.0,43969.0,17182.0,0.9197102875125054,1897587,55669.0,43461.0,12208.0,0.6475090684684618,1896913,46535.0,47209.0,-674.0,-0.03551879307773504,1889483,43166.0,50596.0,-7430.0,-0.3916890231655326,1918141,80311.0,51653.0,28658.0,1.5167111850172772,1931774,54893.0,41260.0,13633.0,0.7107402427663034,1938593,42249.0,35430.0,6819.0,0.35299160253735684,1936156,31449.0,33886.0,-2437.0,-0.1257097286537195,1860005,16760.0,92911.0,-76151.0,-3.9331024979392155,1865472,62104.0,56637.0,5467.0,0.29392394106467457,1923679,114373.0,56166.0,58207.0,3.1202290894744062,1946013,79184.0,56850.0,22334.0,1.1610045127071618,1961236,57981.0,42758.0,15223.0,0.7822660999695275,1970760,55429.0,45905.0,9524.0,0.4856121343887222,1966275,45186.0,49671.0,-4485.0,-0.22757717834743957,1957903,42148.0,50520.0,-8372.0,-0.4257797103660475,1981628,76314.0,52589.0,23725.0,1.211755638558192,1990867,51236.0,41997.0,9239.0,0.4662328146352393,1995480,42676.0,38063.0,4613.0,0.23170809501589007,1991111,32835.0,37204.0,-4369.0,-0.21894481528253854,1913351,18377.0,96137.0,-77760.0,-3.9053573607900316,677843.0,624497.0,53346.0,2.868056806298908
Saúde Humana e Serviços Sociais,2381637,55532.0,50013.0,5519.0,2391350,60283.0,50570.0,9713.0,0.40782873292613436,2400817,64766.0,55299.0,9467.0,0.39588516946494656,2403695,58732.0,55854.0,2878.0,0.11987585892635716,2411039,55020.0,47676.0,7344.0,0.30552961170198384,2424598,58809.0,45250.0,13559.0,0.5623716580279291,2438118,63240.0,49720.0,13520.0,0.5576182113488504,2446094,63675.0,55699.0,7976.0,0.3271375708640845,2451804,60645.0,54935.0,5710.0,0.2334333839991431,2457406,63690.0,58088.0,5602.0,0.22848482178836482,2472285,63732.0,48853.0,14879.0,0.6054758554345517,2479689.0,66479.0,59075.0,7404.0,0.2994800356754986,2501154,75972.0,54507.0,21465.0,0.8656327466871854,2527054,81793.0,55893.0,25900.0,1.0355220030433951,2566653,107555.0,67956.0,39599.0,1.56700252547037,2596893,91794.0,61554.0,30240.0,1.1781880916508776,2613317,77806.0,61382.0,16424.0,0.632448083151674,2630848,81907.0,64376.0,17531.0,0.6708332743406177,2640981,79526.0,69393.0,10133.0,0.3851609823144477,2649528,80666.0,72119.0,8547.0,0.3236297421299131,2651849,75114.0,72793.0,2321.0,0.08760050846792335,2656039,74366.0,70176.0,4190.0,0.15800296321547722,2663470,72284.0,64853.0,7431.0,0.27977751832710285,2659414,66496.0,70552.0,-4056.0,-0.15228254870526045,2676572,89473.0,72315.0,17158.0,0.6451797275640423,2699963,99093.0,75702.0,23391.0,0.873916337763378,2703975,89788.0,85776.0,4012.0,0.14859462888935884,2714276,88967.0,78666.0,10301.0,0.38095766417958743,2725092,89861.0,79045.0,10816.0,0.3984856366854366,2737321,87662.0,75433.0,12229.0,0.4487554915577162,2750957,91424.0,77788.0,13636.0,0.4981512946417318,2755758,90456.0,85655.0,4801.0,0.17452108484429235,2760521,81050.0,76287.0,4763.0,0.17283810842606645,2764583,74835.0,70773.0,4062.0,0.1471461365445146,2770454,71621.0,65750.0,5871.0,0.21236475808467317,2759607,61913.0,72760.0,-10847.0,-0.3915242772484221,2765359,80697.0,74945.0,5752.0,0.20843547650082056,2777452,87067.0,74974.0,12093.0,0.4373030771049979,2791666,101124.0,86910.0,14214.0,0.5117640196842286,2810000,92162.0,73828.0,18334.0,0.6567404553410042,2823876,93189.0,79313.0,13876.0,0.4938078291814947,2832756,88376.0,79496.0,8880.0,0.3144613998631668,2846079,92318.0,78995.0,13323.0,0.4703193638986203,2857397,95954.0,84636.0,11318.0,0.39766991710349575,2867745,85219.0,74871.0,10348.0,0.3621477869543504,2874751,82852.0,75846.0,7006.0,0.2443034509693156,2880625,78599.0,72725.0,5874.0,0.20433074029715964,2873043,71663.0,79245.0,-7582.0,-0.2632067693642873,1049220.0,935784.0,113436.0,4.110585311604152
Serviços domésticos,650,68.0,67.0,1.0,654,69.0,65.0,4.0,0.6153846153846154,663,54.0,45.0,9.0,1.3761467889908259,626,17.0,54.0,-37.0,-5.580693815987934,613,29.0,42.0,-13.0,-2.07667731629393,616,44.0,41.0,3.0,0.48939641109298526,630,55.0,41.0,14.0,2.272727272727273,637,44.0,37.0,7.0,1.1111111111111112,655,55.0,37.0,18.0,2.8257456828885403,674,88.0,69.0,19.0,2.900763358778626,703,65.0,36.0,29.0,4.302670623145401,731.0,65.0,37.0,28.0,3.982930298719772,737,78.0,72.0,6.0,0.8207934336525308,786,95.0,46.0,49.0,6.648575305291724,811,109.0,84.0,25.0,3.1806615776081424,908,173.0,76.0,97.0,11.960542540073984,933,99.0,74.0,25.0,2.753303964757709,964,98.0,67.0,31.0,3.322615219721329,1010,119.0,73.0,46.0,4.771784232365145,1071,136.0,75.0,61.0,6.03960396039604,1103,115.0,83.0,32.0,2.987861811391223,1049,120.0,174.0,-54.0,-4.895738893925658,1065,119.0,103.0,16.0,1.5252621544327931,1068,112.0,109.0,3.0,0.28169014084507044,1112,135.0,91.0,44.0,4.119850187265917,1112,109.0,109.0,0.0,0,1086,111.0,137.0,-26.0,-2.338129496402878,1104,123.0,105.0,18.0,1.6574585635359116,1127,134.0,111.0,23.0,2.083333333333333,1144,136.0,119.0,17.0,1.5084294587400178,1154,128.0,118.0,10.0,0.8741258741258742,1175,130.0,109.0,21.0,1.8197573656845754,1192,119.0,102.0,17.0,1.446808510638298,1218,140.0,114.0,26.0,2.1812080536912752,1250,140.0,108.0,32.0,2.6272577996715927,1233,80.0,97.0,-17.0,-1.3599999999999999,1212,67.0,88.0,-21.0,-1.70316301703163,1239,101.0,74.0,27.0,2.2277227722772275,1226,73.0,86.0,-13.0,-1.0492332526230832,1226,56.0,56.0,0.0,0,1252,86.0,60.0,26.0,2.1207177814029365,1245,66.0,73.0,-7.0,-0.5591054313099041,1245,82.0,82.0,0.0,0,1251,110.0,104.0,6.0,0.48192771084337355,1257,73.0,67.0,6.0,0.4796163069544364,1274,91.0,74.0,17.0,1.352426412092283,1288,84.0,70.0,14.0,1.098901098901099,1291,79.0,76.0,3.0,0.2329192546583851,968.0,910.0,58.0,4.703974047039741
Outros serviços,1172963,38991.0,34942.0,4049.0,1180330,46181.0,38814.0,7367.0,0.6280675520029191,1171868,35451.0,43913.0,-8462.0,-0.7169181500088958,1138929,10829.0,43768.0,-32939.0,-2.810811456580434,1124256,13315.0,27988.0,-14673.0,-1.2883156017627087,1115862,15295.0,23689.0,-8394.0,-0.7466271027239348,1111508,19267.0,23621.0,-4354.0,-0.3901916186768615,1109598,23133.0,25043.0,-1910.0,-0.1718386192452056,1111901,27860.0,25557.0,2303.0,0.20755264519222277,1114575,32755.0,30081.0,2674.0,0.24048903634406302,1122682,32384.0,24277.0,8107.0,0.7273624475697014,1116721.0,26590.0,32551.0,-5961.0,-0.5309606816533978,1119507,33340.0,30554.0,2786.0,0.24948039841643527,1131286,42684.0,30905.0,11779.0,1.0521595666663985,1133548,36735.0,34473.0,2262.0,0.19994943807313095,1136955,32254.0,28847.0,3407.0,0.30056071732295414,1146729,40473.0,30699.0,9774.0,0.8596646305262742,1153569,38211.0,31371.0,6840.0,0.5964792030200684,1162111,40566.0,32024.0,8542.0,0.7404845310510252,1175420,48432.0,35123.0,13309.0,1.1452434406007688,1187163,47575.0,35832.0,11743.0,0.9990471491041499,1199633,46764.0,34294.0,12470.0,1.0504033565736128,1210320,45597.0,34910.0,10687.0,0.8908557867281076,1199774,36443.0,46989.0,-10546.0,-0.8713398109590853,1205577,47423.0,41620.0,5803.0,0.4836744253501076,1226895,63636.0,42318.0,21318.0,1.7682819098240925,1237706,59358.0,48547.0,10811.0,0.8811675000713183,1248970,55001.0,43737.0,11264.0,0.9100707276202911,1258978,53690.0,43682.0,10008.0,0.8013002714236531,1268575,50790.0,41193.0,9597.0,0.7622849644711822,1276365,50011.0,42221.0,7790.0,0.6140748477622529,1287285,57521.0,46601.0,10920.0,0.8555546415014513,1295126,52770.0,44929.0,7841.0,0.6091114244320411,1298574,47111.0,43663.0,3448.0,0.2662289229001657,1300696,43154.0,41032.0,2122.0,0.16341001744991046,1283986,35388.0,52098.0,-16710.0,-1.2846968084779227,1288447,48705.0,44244.0,4461.0,0.3474336947599117,1301051,56491.0,43887.0,12604.0,0.9782319334827122,1308272,58915.0,51694.0,7221.0,0.5550128319335675,1316842,50864.0,42294.0,8570.0,0.6550625557987941,1324025,52438.0,45255.0,7183.0,0.5454716663046896,1329748,49409.0,43686.0,5723.0,0.43224259360661615,1335749,49543.0,43542.0,6001.0,0.45128851481634114,1343279,55385.0,47855.0,7530.0,0.5637286645919256,1349388,49940.0,43831.0,6109.0,0.454782662425304,1355480,49950.0,43858.0,6092.0,0.4514639229043092,1357926,44251.0,41805.0,2446.0,0.1804526809691032,1348267,39554.0,49213.0,-9659.0,-0.7113053288618084,605445.0,541164.0,64281.0,5.006362997727389
"Artes, Cultura, Esporte e Recreação",240515,9984.0,8064.0,1920.0,241986,9603.0,8132.0,1471.0,0.611604265846205,236674,6937.0,12249.0,-5312.0,-2.1951683155223853,222090,884.0,15468.0,-14584.0,-6.162062583976271,216402,827.0,6515.0,-5688.0,-2.561123868701878,211881,1151.0,5672.0,-4521.0,-2.0891673829262207,209029,2114.0,4966.0,-2852.0,-1.3460385782585509,207225,3393.0,5197.0,-1804.0,-0.8630381430327849,207633,5392.0,4984.0,408.0,0.19688744118711546,210467,7955.0,5121.0,2834.0,1.3649082756594568,213152,7726.0,5041.0,2685.0,1.2757344381779567,212301.0,5947.0,6798.0,-851.0,-0.3992456087674523,212178,7233.0,7356.0,-123.0,-0.0579366088713666,214159,8834.0,6853.0,1981.0,0.9336500485441469,211806,5693.0,8046.0,-2353.0,-1.0987163742826591,209980,4810.0,6636.0,-1826.0,-0.8621096663928312,210626,7547.0,6901.0,646.0,0.30764834746166303,212041,7788.0,6373.0,1415.0,0.6718068994331184,214596,8644.0,6089.0,2555.0,1.2049556453704708,219071,11393.0,6918.0,4475.0,2.08531379895245,222973,11586.0,7684.0,3902.0,1.781157706862159,226529,11202.0,7646.0,3556.0,1.5948119279015844,229054,11003.0,8478.0,2525.0,1.114647572716959,229866,10035.0,9223.0,812.0,0.3545015585844386,232711,11750.0,8905.0,2845.0,1.237677603473328,235622,12227.0,9316.0,2911.0,1.2509077783173121,236782,12337.0,11177.0,1160.0,0.4923139604960488,240029,13116.0,9869.0,3247.0,1.37130356192616,242485,11762.0,9306.0,2456.0,1.0232096954951277,244564,11288.0,9209.0,2079.0,0.8573726209868652,246825,11858.0,9597.0,2261.0,0.9245023797451792,250365,13878.0,10338.0,3540.0,1.4342145244606503,252884,12824.0,10305.0,2519.0,1.0061310486689434,254543,11072.0,9413.0,1659.0,0.6560320146786669,256255,10878.0,9166.0,1712.0,0.6725779141441721,256185,10164.0,10234.0,-70.0,-0.027316540165069948,259354,13762.0,10593.0,3169.0,1.2369967016023578,261839,12951.0,10466.0,2485.0,0.9581498646637414,263156,14049.0,12732.0,1317.0,0.5029808393707584,265756,13142.0,10542.0,2600.0,0.9880071136512183,268090,12945.0,10611.0,2334.0,0.8782492210900223,270513,12378.0,9955.0,2423.0,0.9038009623633855,272346,12313.0,10480.0,1833.0,0.6776014461412205,274555,14404.0,12195.0,2209.0,0.8111005852848949,276866,13204.0,10893.0,2311.0,0.8417257015898454,278977,12903.0,10792.0,2111.0,0.762462707591398,280758,12458.0,10677.0,1781.0,0.6384038827573599,281096,11650.0,11312.0,338.0,0.12038837717892278,156159.0,131248.0,24911.0,9.723832386751761
Outras Atividades de Serviços,929512,28972.0,26848.0,2124.0,935400,36552.0,30664.0,5888.0,0.6334506708896711,932243,28488.0,31645.0,-3157.0,-0.3375026726534103,913893,9939.0,28289.0,-18350.0,-1.968370907585254,904908,12476.0,21461.0,-8985.0,-0.9831566715140614,901048,14133.0,17993.0,-3860.0,-0.42656270029660476,899541,17135.0,18642.0,-1507.0,-0.16724969147037672,899431,19729.0,19839.0,-110.0,-0.012228458736177674,901337,22451.0,20545.0,1906.0,0.21191175309723592,901174,24779.0,24942.0,-163.0,-0.0180842459590586,906598,24645.0,19221.0,5424.0,0.6018815456282582,901486.0,20629.0,25741.0,-5112.0,-0.5638662339868387,904396,26087.0,23177.0,2910.0,0.3228003540820379,914196,33832.0,24032.0,9800.0,1.0835961238218657,918811,31024.0,26409.0,4615.0,0.5048151599875738,924036,27415.0,22190.0,5225.0,0.5686697264181644,933153,32899.0,23782.0,9117.0,0.9866498707842551,938577,30399.0,24975.0,5424.0,0.5812551639441763,944553,31898.0,25922.0,5976.0,0.6367085492186576,953385,37013.0,28181.0,8832.0,0.9350454659505607,961218,35970.0,28137.0,7833.0,0.8215988294340691,970123,35533.0,26628.0,8905.0,0.9264287601771918,978284,34567.0,26406.0,8161.0,0.8412335343044129,966937,26387.0,37734.0,-11347.0,-1.1598881306450888,969898,35639.0,32678.0,2961.0,0.30622470750421177,988295,51364.0,32967.0,18397.0,1.8967973951900097,997914,46960.0,37341.0,9619.0,0.973292387394452,1005923,41848.0,33839.0,8009.0,0.8025741697180319,1013464,41891.0,34350.0,7541.0,0.7496597652106572,1020977,39461.0,31948.0,7513.0,0.7413188825651429,1026499,38112.0,32590.0,5522.0,0.5408544952530762,1033868,43597.0,36228.0,7369.0,0.7178769779610111,1039200,39903.0,34571.0,5332.0,0.5157331496864203,1040999,36000.0,34201.0,1799.0,0.1731139337952271,1041404,32230.0,31825.0,405.0,0.03890493650810423,1024764,25176.0,41816.0,-16640.0,-1.5978429120687074,1026069,34903.0,33598.0,1305.0,0.12734639390142513,1036193,43511.0,33387.0,10124.0,0.9866782838191195,1042106,44819.0,38906.0,5913.0,0.5706465880391008,1048070,37670.0,31706.0,5964.0,0.5723026256446081,1052909,39431.0,34592.0,4839.0,0.4617058020933716,1056200,36984.0,33693.0,3291.0,0.3125626241204131,1060352,37172.0,33020.0,4152.0,0.39310736602916113,1065659,40924.0,35617.0,5307.0,0.5004941755190729,1069424,36679.0,32914.0,3765.0,0.3533025104653552,1073410,37008.0,33022.0,3986.0,0.37272400843818726,1074064,31739.0,31085.0,654.0,0.06092732506684305,1064084,27856.0,37836.0,-9980.0,-0.9291811288712777,448696.0,409376.0,39320.0,3.8369810024552
Organismos Internacionais e Outras Instituições Extraterritoriais,2936,35.0,30.0,5.0,2944,26.0,18.0,8.0,0.2724795640326975,2951,26.0,19.0,7.0,0.2377717391304348,2946,6.0,11.0,-5.0,-0.16943409013893596,2946,12.0,12.0,0.0,0,2933,11.0,24.0,-13.0,-0.44127630685675495,2938,18.0,13.0,5.0,0.17047391749062393,2942,11.0,7.0,4.0,0.13614703880190604,2931,17.0,28.0,-11.0,-0.37389530931339227,2934,21.0,18.0,3.0,0.1023541453428864,2932,13.0,15.0,-2.0,-0.0681663258350375,2934.0,14.0,12.0,2.0,0.06821282401091405,2933,20.0,21.0,-1.0,-0.03408316291751875,2931,18.0,20.0,-2.0,-0.06818956699624958,2931,18.0,18.0,0.0,0,2939,29.0,21.0,8.0,0.2729443875810304,2950,27.0,16.0,11.0,0.374276964954066,2951,24.0,23.0,1.0,0.03389830508474576,2962,24.0,13.0,11.0,0.3727549983056591,2964,26.0,24.0,2.0,0.0675219446320054,2972,19.0,11.0,8.0,0.2699055330634278,2981,29.0,20.0,9.0,0.3028263795423957,2982,27.0,26.0,1.0,0.03354579000335458,2971,21.0,32.0,-11.0,-0.3688799463447351,2968,34.0,37.0,-3.0,-0.10097610232245036,2978,45.0,35.0,10.0,0.3369272237196766,3010,61.0,29.0,32.0,1.0745466756212223,3018,37.0,29.0,8.0,0.26578073089701,3029,37.0,26.0,11.0,0.36447978793903246,3034,41.0,36.0,5.0,0.1650709805216243,3041,41.0,34.0,7.0,0.23071852340145024,3052,46.0,35.0,11.0,0.36172311739559354,3042,43.0,53.0,-10.0,-0.327653997378768,3032,39.0,49.0,-10.0,-0.3287310979618672,3037,46.0,41.0,5.0,0.16490765171503957,3037,48.0,48.0,0.0,0,3024,40.0,53.0,-13.0,-0.4280540006585446,3019,29.0,34.0,-5.0,-0.16534391534391535,3010,47.0,56.0,-9.0,-0.29811195760185494,3016,52.0,46.0,6.0,0.19933554817275745,3026,62.0,52.0,10.0,0.33156498673740054,3035,47.0,38.0,9.0,0.29742233972240584,3051,58.0,42.0,16.0,0.5271828665568369,3065,57.0,43.0,14.0,0.4588659455916093,3098,57.0,24.0,33.0,1.0766721044045677,3093,39.0,44.0,-5.0,-0.16139444803098774,3104,54.0,43.0,11.0,0.35564177174264466,3087,48.0,65.0,-17.0,-0.547680412371134,590.0,540.0,50.0,1.6463615409944024
Não identificado***,---,0.0,0.0,0.0,---,0.0,1.0,-1.0,---,---,0.0,0.0,0.0,---,---,0.0,0.0,0.0,---,---,0.0,1.0,-1.0,---,---,0.0,0.0,0.0,---,---,0.0,0.0,0.0,---,---,0.0,0.0,0.0,---,---,0.0,0.0,0.0,---,---,0.0,0.0,0.0,---,---,0.0,0.0,0.0,---,0.0,0.0,0.0,0.0,---,---,0.0,0.0,0.0,---,---,0.0,0.0,0.0,---,---,0.0,0.0,0.0,---,---,0.0,0.0,0.0,---,---,0.0,1.0,-1.0,---,---,0.0,0.0,0.0,---,---,0.0,1.0,-1.0,---,---,0.0,1.0,-1.0,---,---,0.0,0.0,0.0,---,---,0.0,2.0,-2.0,---,---,0.0,0.0,0.0,---,---,0.0,1.0,-1.0,---,---,0.0,2.0,-2.0,---,---,0.0,1.0,-1.0,---,---,0.0,0.0,0.0,---,---,0.0,0.0,0.0,---,---,0.0,0.0,0.0,---,---,0.0,0.0,0.0,---,---,0.0,0.0,0.0,---,---,0.0,0.0,0.0,---,---,0.0,0.0,0.0,---,---,0.0,0.0,0.0,---,---,0.0,0.0,0.0,---,---,0.0,0.0,0.0,---,---,0.0,0.0,0.0,---,---,0.0,0.0,0.0,---,---,0.0,0.0,0.0,---,---,0.0,0.0,0.0,---,---,0.0,3.0,-3.0,---,---,1.0,6.0,-5.0,---,---,2.0,2.0,0.0,---,---,1.0,10.0,-9.0,---,---,5.0,9.0,-4.0,---,---,2.0,0.0,2.0,---,---,1.0,2.0,-1.0,---,---,0.0,4.0,-4.0,---,12.0,36.0,-24.0,---
Fonte: Novo Caged – MTE.,,,,,,,,,,,,,,,,,,,,,,,,,,,,,,,,,,,,,,,,,,,,,,,,,,,,,,,,,,,,,,,,,,,,,,,,,,,,,,,,,,,,,,,,,,,,,,,,,,,,,,,,,,,,,,,,,,,,,,,,,,,,,,,,,,,,,,,,,,,,,,,,,,,,,,,,,,,,,,,,,,,,,,,,,,,,,,,,,,,,,,,,,,,,,,,,,,,,,,,,,,,,,,,,,,,,,,,,,,,,,,,,,,,,,,,,,,,,,,,,,,,
"* A variação mensal do emprego toma como referência o estoque do mês anterior, sem ajustes.",,,,,,,,,,,,,,,,,,,,,,,,,,,,,,,,,,,,,,,,,,,,,,,,,,,,,,,,,,,,,,,,,,,,,,,,,,,,,,,,,,,,,,,,,,,,,,,,,,,,,,,,,,,,,,,,,,,,,,,,,,,,,,,,,,,,,,,,,,,,,,,,,,,,,,,,,,,,,,,,,,,,,,,,,,,,,,,,,,,,,,,,,,,,,,,,,,,,,,,,,,,,,,,,,,,,,,,,,,,,,,,,,,,,,,,,,,,,,,,,,,,
** Resultados acrescidos dos ajustes; a variação relativa toma como referência os estoques com ajustes do mês atual e do mesmo mês do ano anterior.,,,,,,,,,,,,,,,,,,,,,,,,,,,,,,,,,,,,,,,,,,,,,,,,,,,,,,,,,,,,,,,,,,,,,,,,,,,,,,,,,,,,,,,,,,,,,,,,,,,,,,,,,,,,,,,,,,,,,,,,,,,,,,,,,,,,,,,,,,,,,,,,,,,,,,,,,,,,,,,,,,,,,,,,,,,,,,,,,,,,,,,,,,,,,,,,,,,,,,,,,,,,,,,,,,,,,,,,,,,,,,,,,,,,,,,,,,,,,,,,,,,
*** O estoque total considera os saldos não identificados.,,,,,,,,,,,,,,,,,,,,,,,,,,,,,,,,,,,,,,,,,,,,,,,,,,,,,,,,,,,,,,,,,,,,,,,,,,,,,,,,,,,,,,,,,,,,,,,,,,,,,,,,,,,,,,,,,,,,,,,,,,,,,,,,,,,,,,,,,,,,,,,,,,,,,,,,,,,,,,,,,,,,,,,,,,,,,,,,,,,,,,,,,,,,,,,,,,,,,,,,,,,,,,,,,,,,,,,,,,,,,,,,,,,,,,,,,,,,,,,,,,,
**** O estoque da competência dezembro/2022 refere-se ao Estoque de referência do ano de 2023.,,,,,,,,,,,,,,,,,,,,,,,,,,,,,,,,,,,,,,,,,,,,,,,,,,,,,,,,,,,,,,,,,,,,,,,,,,,,,,,,,,,,,,,,,,,,,,,,,,,,,,,,,,,,,,,,,,,,,,,,,,,,,,,,,,,,,,,,,,,,,,,,,,,,,,,,,,,,,,,,,,,,,,,,,,,,,,,,,,,,,,,,,,,,,,,,,,,,,,,,,,,,,,,,,,,,,,,,,,,,,,,,,,,,,,,,,,,,,,,,,,,
